DBSFI1, 04/13/24,INC,REP,E(NO0708) 00 BLDG LEASE AID,F(NO0709) 00 BLDG AMORT-RETRO AID,G(NO0710) 00 BLDG AMORT-PROSP AID,H(NO0707) 00 BLDG AMORT-CAP OUTLAY AID,I(NO0711) 00 BLDG 2023 DEFERD JULY AID,J(NO0715) 00 BLDG 2022 DEFERD JULY AID,K(NO0712) 00 BLDG NYC UNCONFIRMED  AID,L(NO0713) 00 BLDG REFUND/REFIN AID (A.R.),M(NO0568) 00 BLDG AID ON 3 CAP OUTLAY EXCEPTIONS,"N(NO0572) 00 BLDG AID ON METAL DETECTORS,ETC.",O(NO0569) 00 BLDG EXP FOR BLDG CONDITION SURVEYS,P(NO0570) 05 BLDG CONDITION SURVEY AID RATIO,Q(NO0571) 00 BLDG AID FOR BLDG CONDITION SURVEYS,R(NO0573) 00 BLDG AID DUE SPECIAL LEGISLATION,S(NO0468) 00 CHAPTER 97 POTENTIAL EXPENDITURES,T(NO0540) 00 CHAPTER 97 POTENTIAL AID,U(A10117) 00 -BLDG AID 23-24 DEFERRED TO 2024-25 (NYC),V(A20117) 00 +BLDG AID 22-23 DEFERRED TO 2023-24 (NYC),W(NO0719) 00 REORG INCENTIVE NET EXPENDITURES,X(NO0720) 00 REBL AMORT (PROSP)  EXPENDITURES,Y(NO0721) 00 REBL DEFERRED JULY  EXPENDITURES,Z(NO0723) 00 REORG INCENTIVE NET AID,AA(NO0724) 00 REBL AMORT (PROSP)  AID,AB(NO0725) 00 REBL DEFERRED JULY  AID,AC(FA0153) 00 24-25 BLDG AID DEFERRED TO 7/24,AD(FA0154) 00 23-24 BLDG AID DEFERRED TO 7/23,AE(CL0014) 00 2023-24 PAYABLE UPK AID
010100,ALBANY,1,1,0,0,"15,379,569",0,0,0,0,0,0,"12,450",0,0.766,0,0,"979,436","848,192",0,0,0,0,0,0,0,0,0,0,"5,511,278"
010201,BERNE KNOX,1,0,0,0,"2,038,060",0,0,0,0,0,0,0,0,0.692,0,0,0,0,0,0,0,0,0,0,0,0,0,0,"193,070"
010306,BETHLEHEM,1,0,0,0,"3,353,047",0,0,0,0,0,"71,200",0,0,0.612,0,0,"2,915,734","2,076,003",0,0,0,0,0,0,0,0,0,0,0
010402,RAVENA COEYMAN,1,0,0,0,"1,384,757",0,0,0,0,0,"70,600","24,710",0,0.606,0,0,"249,414","176,086",0,0,0,0,0,0,0,0,0,0,"215,257"
010500,COHOES,1,0,0,0,"1,458,119",0,0,0,0,0,"88,200",0,0,0.782,0,0,"172,740","152,357",0,0,0,0,0,0,0,0,0,0,"929,437"
010601,SOUTH COLONIE,1,0,0,0,"1,450,483",0,0,0,0,0,"65,700","15,768",0,0.557,0,0,"323,102","212,278",0,0,0,0,0,0,0,0,0,"7,575","386,878"
010615,MENANDS,1,0,0,0,"434,157",0,0,0,0,0,0,0,0,0.513,0,0,0,0,0,0,0,0,0,0,0,0,0,0,0
010623,NORTH COLONIE,1,1,0,0,"5,770,118",0,"18,796","18,796",0,0,0,"22,680",0,0.548,0,0,"447,090","289,714",0,0,0,"6,863,828",0,0,"1,334,328",0,"37,592",0,"70,203"
010701,GREEN ISLAND,1,0,0,0,"60,687",0,0,0,0,0,0,0,0,0.610,0,0,"8,265","5,868",0,0,0,0,0,0,0,0,0,0,"127,520"
010802,GUILDERLAND,1,0,0,0,"4,686,749",0,"59,450",0,0,0,0,0,0,0.589,0,0,"2,136,988","1,472,385",0,0,0,0,0,0,0,0,"59,450",0,0
011003,VOORHEESVILLE,1,0,0,0,"560,685",0,0,0,0,0,"69,900",0,0,0.599,0,0,"24,111","16,854",0,0,0,0,0,0,0,0,0,0,0
011200,WATERVLIET,1,0,0,0,"2,697,654",0,0,0,0,0,0,0,0,0.864,0,0,"456,564","440,128",0,0,0,0,0,0,0,0,0,0,"518,627"
020101,ALFRED ALMOND,1,0,0,0,"1,307,375",0,0,0,0,0,"87,900",0,0,0.779,0,0,"470,088","413,207",0,0,0,0,0,0,0,0,0,0,"172,325"
020601,ANDOVER,1,0,0,0,"702,580",0,0,0,0,0,"91,400",0,"9,888",0.814,"8,049",0,"96,384","88,095",0,0,0,0,0,0,0,0,0,0,"59,517"
020702,GENESEE VALLEY,1,0,0,"1,811,997","1,384,337",0,0,0,0,0,"91,900",0,0,0.819,0,0,0,0,0,0,"1,907,365",0,0,1,0,0,0,0,"324,204"
020801,BELFAST,1,0,0,0,"1,194,413",0,0,0,0,0,"96,200",0,0,0.862,0,0,"122,256","117,610",0,0,0,0,0,0,0,0,0,0,"105,638"
021102,CANASERAGA,1,0,0,0,"780,294",0,0,0,0,0,0,0,0,0.765,0,0,"10,180","8,806",0,0,0,0,0,0,0,0,0,0,"82,278"
021601,FRIENDSHIP,1,0,0,0,"1,116,387",0,0,0,0,0,0,0,"36,472",0.889,"32,424",0,0,0,0,0,0,0,0,0,0,0,0,0,"109,929"
022001,FILLMORE,1,0,0,0,"1,500,995",0,0,0,0,0,"97,000",0,0,0.870,0,0,0,0,0,0,0,0,0,0,0,0,0,0,"303,581"
022101,WHITESVILLE,1,0,0,0,"385,006",0,0,0,0,0,"89,100",0,0,0.791,0,0,0,0,0,0,0,0,0,0,0,0,0,0,"37,407"
022302,CUBA-RUSHFORD,1,0,0,0,"1,576,105",0,0,0,0,0,"85,100",0,0,0.751,0,0,"62,298","53,016",0,0,0,0,0,0,0,0,0,0,"138,671"
022401,SCIO,1,0,0,0,"600,365",0,0,0,0,0,"95,900",0,0,0.859,0,0,0,0,0,0,0,0,0,0,0,0,0,0,"101,006"
022601,WELLSVILLE,1,0,0,0,"2,920,024",0,0,0,0,0,"93,800",0,0,0.838,0,0,0,0,0,0,0,0,0,0,0,0,0,0,"487,062"
022902,BOLIVAR-RICHBG,1,0,0,0,"756,721",0,0,0,0,0,"98,000",0,0,0.901,0,0,"116,214","113,890",0,0,0,0,0,0,0,0,0,0,"461,659"
030101,CHENANGO FORKS,1,0,0,0,"1,956,086",0,0,0,0,0,"90,400","31,640",0,0.804,0,0,"282,024","254,950",0,0,0,0,0,0,0,0,0,0,"348,240"
030200,BINGHAMTON,1,0,0,0,"7,244,589",0,0,0,0,0,"96,500",0,0,0.865,0,0,"211,824","204,410",0,0,0,0,0,0,0,0,0,0,"2,370,118"
030501,HARPURSVILLE,1,0,0,0,"2,079,052",0,0,0,0,0,"91,200",0,0,0.812,0,0,0,0,0,0,0,0,0,0,0,0,0,0,"166,175"
030601,SUSQUEHANNA VA,1,0,0,0,"3,213,905",0,0,0,0,0,"87,700",0,0,0.777,0,0,686,602,0,0,0,0,0,0,0,0,0,0,"285,159"
030701,CHENANGO VALLE,1,0,0,0,"1,878,907",0,0,0,0,0,"88,400",0,0,0.784,0,0,"1,674,484","1,480,244",0,0,0,0,0,0,0,0,0,0,"389,366"
031101,MAINE ENDWELL,1,0,0,0,"6,022,681",0,0,0,0,0,"93,300","32,655",0,0.833,0,0,"80,596","75,196",0,0,0,0,0,0,0,0,0,0,"691,968"
031301,DEPOSIT,1,0,0,0,"1,121,098",0,0,0,0,0,"60,494",0,0,0.530,0,0,0,0,0,0,0,0,0,0,0,0,0,0,"84,000"
031401,WHITNEY POINT,1,0,0,0,"3,840,015",0,0,0,0,0,"97,800","13,344",0,0.878,0,0,"3,051,102","2,983,978",0,0,0,0,0,0,0,0,0,0,"1,060,991"
031501,UNION-ENDICOTT,1,0,0,"500,242","5,560,555",0,995,995,0,"10,853","89,200",0,0,0.792,0,0,0,0,0,0,0,0,0,0,0,0,"1,990",496,"673,962"
031502,JOHNSON   CITY,1,0,0,0,"6,113,233",0,0,0,0,0,"92,100",0,"85,000",0.821,"69,785",0,"192,764","177,536",0,0,0,0,0,0,0,0,0,0,"759,226"
031601,VESTAL,1,0,0,0,"2,323,461",0,0,0,0,0,"78,700",0,0,0.687,0,0,0,0,0,0,0,0,0,0,0,0,0,0,"386,100"
031701,WINDSOR,1,0,0,0,"3,391,925",0,0,0,0,0,"84,500",0,0,0.745,0,0,"2,024,824","1,710,976",0,0,0,0,0,0,0,0,0,0,"540,343"
040204,WEST VALLEY,1,0,0,0,"469,346",0,0,0,0,0,0,0,0,0.750,0,0,0,0,0,0,0,0,0,0,0,0,0,0,"65,096"
040302,ALLEGANY-LIMES,1,0,0,"380,390","2,630,915",0,0,0,0,"23,319","88,300",0,0,0.783,0,0,0,0,0,0,"431,545","757,006",0,"28,914","50,721",0,0,"6,685","337,050"
040901,ELLICOTTVILLE,1,0,0,0,"905,386",0,0,0,0,0,0,0,"25,000",0.551,"13,775",0,0,0,0,0,0,0,0,0,0,0,0,0,"50,614"
041101,FRANKLINVILLE,1,0,0,0,"2,169,964",0,0,0,0,0,"91,100",0,0,0.811,0,0,0,0,0,0,0,0,0,0,0,0,0,0,"154,154"
041401,HINSDALE,1,0,0,0,"583,147",0,0,0,0,0,"89,900",0,0,0.799,0,0,0,0,0,0,0,0,0,0,0,0,0,0,"98,300"
042302,CATTARAUGUS-LI,1,0,0,"37,508","3,504,051",0,0,0,0,0,"90,700",0,0,0.807,0,0,"1,580,199","1,433,240",0,0,0,"2,891,642",0,0,"211,090",0,0,0,"319,774"
042400,OLEAN,1,0,0,0,"3,417,967",0,0,0,0,0,"96,800","32,445",0,0.868,0,0,"2,314,892","2,240,815",0,0,0,0,0,0,0,0,0,0,"477,387"
042801,GOWANDA,1,0,0,0,"2,404,386",0,0,0,0,0,"96,500","72,750",0,0.865,0,0,0,0,0,0,0,0,0,0,0,0,0,"331,164","406,423"
042901,PORTVILLE,1,0,0,0,"2,069,042",0,0,0,0,0,"94,300",0,0,0.843,0,0,"4,968","4,685",0,0,0,0,0,0,0,0,0,0,"169,472"
043001,RANDOLPH,1,0,0,0,"488,422",0,0,0,0,0,"82,665",0,"25,000",0.735,"18,375",0,0,0,0,0,0,0,0,0,0,0,0,0,"340,730"
043200,SALAMANCA,1,0,0,0,"1,738,667",0,0,0,0,0,0,0,0,0.955,0,0,"407,518","399,368",0,0,0,0,0,0,0,0,0,0,"380,628"
043501,YORKSHRE-PIONE,1,0,0,0,"5,585,761",0,0,0,0,0,0,"29,540","195,356",0.795,"155,308",0,0,0,0,0,0,"52,558",0,0,"4,468",0,0,0,"497,513"
050100,AUBURN,1,0,0,0,"4,023,892",0,"93,794",0,0,0,0,"30,275",0,0.765,0,0,"170,742","147,692",0,0,0,0,0,0,0,0,"93,794",0,"1,528,321"
050301,WEEDSPORT,1,0,0,"155,480","1,769,403",0,0,0,0,0,"83,100","8,310",0,0.731,0,0,"127,614","106,047",0,0,0,0,0,0,0,0,0,0,"126,432"
050401,CATO MERIDIAN,1,0,0,0,"1,685,852",0,0,0,0,0,"263,700","6,904",0,0.779,0,0,0,0,0,0,0,0,0,0,0,0,0,0,"369,455"
050701,SOUTHERN CAYUG,1,0,0,0,"1,018,440",0,0,0,0,0,"81,200",0,0,0.712,0,0,0,0,0,0,0,0,0,0,0,0,0,"331,950","116,824"
051101,PORT BYRON,1,0,0,0,"1,373,793",0,0,0,0,0,"86,500","30,275",0,0.765,0,0,0,0,0,0,0,0,0,0,0,0,0,0,"191,853"
051301,MORAVIA,1,0,0,0,"1,441,318",0,0,0,0,0,"83,600",0,"25,000",0.736,"18,400",0,0,0,0,0,0,0,0,0,0,0,0,0,"315,948"
051901,UNION SPRINGS,1,0,0,0,"1,451,030",0,0,0,0,0,0,"24,640",0,0.685,0,0,"66,800","52,438",0,0,0,0,0,0,0,0,0,"11,263",0
060201,SOUTHWESTERN,1,0,0,"243,555","2,221,614","3,266",0,0,0,"16,677","84,100",0,0,0.741,0,0,"1,405,560","1,182,076",0,0,0,0,0,0,0,0,0,0,"261,441"
060301,FREWSBURG,1,0,0,0,"1,384,840",0,0,0,0,0,"93,600",0,0,0.836,0,0,"856,989","802,142",0,0,0,0,0,0,0,0,0,0,"301,615"
060401,CASSADAGA VALL,1,0,0,0,"1,221,122",0,0,0,0,0,"455,000",0,"32,900",0.810,"26,649",0,0,0,0,0,0,0,0,0,0,0,0,0,"247,225"
060503,CHAUTAUQUA,1,0,0,"523,605","1,991,956",0,0,0,0,"6,608",0,267,0,0.621,0,0,0,0,0,0,"728,177","359,728",0,"157,504","77,808",0,0,0,"54,000"
060601,PINE VALLEY,1,0,0,0,"1,434,408",0,0,0,0,0,"90,800",0,0,0.808,0,0,"62,272","56,543",0,0,0,0,0,0,0,0,0,0,"99,112"
060701,CLYMER,1,0,0,0,"354,833",0,0,0,0,0,0,0,"20,505",0.738,"15,133",0,0,0,0,0,0,0,0,0,0,0,0,"125,219","56,436"
060800,DUNKIRK,1,0,0,0,"5,279,525",0,"10,884",0,0,0,"245,000",0,0,0.886,0,0,"72,144","70,701",0,0,0,0,0,0,0,0,"10,884",0,"2,478,781"
061001,BEMUS POINT,1,0,0,0,"1,137,515",0,0,0,0,0,"69,200",0,0,0.592,0,0,0,0,0,0,0,0,0,0,0,0,0,0,"175,500"
061101,FALCONER,1,0,0,0,"1,852,887",0,0,0,0,0,"91,000",0,0,0.810,0,0,"47,576","43,294",0,0,0,0,0,0,0,0,0,0,"381,712"
061501,SILVER CREEK,1,0,0,0,"2,435,966",0,0,0,0,0,"91,900",0,0,0.819,0,0,"126,576","116,323",0,0,0,0,0,0,0,0,0,0,"117,145"
061503,FORESTVILLE,1,0,0,0,"910,401",0,0,0,0,0,"86,100",0,0,0.761,0,0,"756,860","651,656",0,0,0,0,0,0,0,0,0,0,"153,091"
061601,PANAMA,1,0,0,0,"970,852",0,0,0,0,0,0,0,0,0.759,0,0,0,0,0,0,0,0,0,0,0,0,0,0,"77,100"
061700,JAMESTOWN,1,0,0,0,"6,436,464",0,0,0,0,0,"720,300",0,0,0.946,0,0,"3,225,857","3,161,340",0,0,0,0,0,0,0,0,0,0,"3,066,147"
062201,FREDONIA,1,0,0,0,"921,867",0,0,0,0,0,"82,700",0,"78,699",0.727,"57,214",0,0,0,0,0,0,0,0,0,0,0,0,0,"302,479"
062301,BROCTON,1,0,0,0,"1,751,439",0,0,0,0,0,"92,900",0,0,0.829,0,0,0,0,0,0,0,0,0,0,0,0,0,0,"447,419"
062401,RIPLEY,1,0,0,0,"255,402",0,0,0,0,0,"95,000",0,"35,114",0.850,"29,847",0,"533,728","507,042",0,0,0,0,0,0,0,0,0,0,"194,319"
062601,SHERMAN,1,0,0,0,"724,459",0,0,0,0,0,"88,000",0,0,0.780,0,0,0,0,0,0,0,0,0,0,0,0,0,0,"125,508"
062901,WESTFIELD,1,0,0,0,"577,244",0,0,0,0,0,"86,100",0,0,0.761,0,0,0,0,0,0,0,0,0,0,0,0,0,0,"71,567"
070600,ELMIRA,1,0,0,0,"8,136,306",0,0,0,0,0,"98,000","33,355","109,000",0.895,"97,555",0,"2,745,728","2,690,813",0,0,0,0,0,0,0,0,0,0,"2,265,034"
070901,HORSEHEADS,1,0,0,0,"6,594,866",0,0,0,0,0,0,0,"225,757",0.704,"158,933",0,"2,509,738","2,017,829",0,0,0,0,0,0,0,0,0,"107,832","745,436"
070902,ELMIRA HEIGHTS,1,0,0,0,"1,153,985",0,0,0,0,0,"92,800","28,681","29,612",0.828,"24,519",0,"933,397","866,192",0,0,0,0,0,0,0,0,0,0,"340,155"
080101,AFTON,1,0,0,0,"2,152,677",0,0,0,0,0,0,0,0,0.798,0,0,0,0,0,0,0,0,0,0,0,0,0,0,"81,817"
080201,BAINBRIDGE GUI,1,0,0,0,"1,527,339",0,0,0,0,0,"88,100","30,590",0,0.781,0,0,0,0,0,0,0,0,0,0,0,0,0,0,"128,230"
080601,GREENE,1,0,0,0,"3,924,315",0,0,0,0,0,0,0,0,0.800,0,0,0,0,0,0,0,0,0,0,0,0,0,"68,438","123,521"
081003,UNADILLA,1,0,0,"232,890","1,880,916","6,060",0,0,0,0,"91,085",0,0,0.812,0,0,0,0,0,0,"251,526","192,508",0,1,1,0,0,0,"358,434"
081200,NORWICH,1,0,0,0,"1,076,423",0,"9,989",0,0,0,"128,520","31,920",0,0.852,0,0,"2,062,050","1,963,072",0,0,0,0,0,0,0,0,"9,989",0,"597,491"
081401,GRGETWN-SO OTS,1,0,0,0,"1,301,440",0,0,0,0,0,"86,300","27,020",0,0.763,0,0,0,0,0,0,0,0,0,0,0,0,0,0,0
081501,OXFORD,1,0,0,0,"1,917,297",0,0,0,0,0,0,0,"25,313",0.858,"21,719",0,"43,132","41,320",0,0,0,0,0,0,0,0,0,0,"136,589"
082001,SHERBURNE EARL,1,0,0,0,"2,600,856",0,0,0,0,0,0,0,0,0.855,0,0,"88,412","84,433",0,0,0,"1,995,290",0,0,"49,011",0,0,0,"539,230"
090201,AUSABLE VALLEY,1,0,0,0,"2,048,794",0,0,0,0,0,0,0,0,0.700,0,0,0,0,0,0,0,"2,560,992",0,0,"460,979",0,0,0,"387,951"
090301,BEEKMANTOWN,1,0,0,0,"2,111,601",0,0,0,0,0,"80,100","26,880",0,0.701,0,0,"63,406","50,788",0,0,0,0,0,0,0,0,0,0,"618,792"
090501,NORTHEASTERN,1,0,0,0,"2,013,459",0,0,0,0,0,0,0,0,0.773,0,0,"179,704","156,882",0,0,0,"249,936",0,0,"19,245",0,0,0,"495,127"
090601,CHAZY,1,0,0,0,"635,152",0,0,0,0,0,"84,700",0,0,0.747,0,0,0,0,0,0,0,0,0,0,0,0,0,0,0
090901,NORTHRN ADIRON,1,0,0,0,"1,755,955",0,0,0,0,0,"88,900",0,0,0.789,0,0,0,0,0,0,0,0,0,0,0,0,0,0,"179,813"
091101,PERU,1,0,0,0,"2,320,840",0,0,0,0,0,"88,000","29,260",0,0.780,0,0,0,0,0,0,0,0,0,0,0,0,0,0,"633,467"
091200,PLATTSBURGH,1,0,0,0,"1,780,581",0,0,0,0,0,0,"28,385",0,0.746,0,0,0,0,0,0,0,0,0,0,0,0,0,0,"351,671"
091402,SARANAC,1,0,0,0,"1,634,161",0,0,0,0,0,"86,100","17,220","38,500",0.761,"29,299",0,"505,791","435,486",0,0,0,0,0,0,0,0,0,0,"636,880"
100501,COPAKE-TACONIC,1,0,0,0,"769,897",0,0,0,0,"81,343",0,"3,499",0,0.316,0,"1,870,648",0,0,0,0,"4,206","51,628",0,437,"5,369",0,0,0,"194,400"
100902,GERMANTOWN,1,0,0,0,"346,473",0,0,0,0,0,"58,800",0,0,0.488,0,0,"11,450","6,733",0,0,0,0,0,0,0,0,0,0,0
101001,CHATHAM,1,0,0,0,"813,813",0,0,0,0,0,"49,600",0,0,0.396,0,0,0,0,0,0,0,0,0,0,0,0,0,0,"43,200"
101300,HUDSON,1,0,0,0,"3,784,888",0,0,0,0,0,0,0,0,0.614,0,0,"80,376","57,388",0,0,0,"3,827,904",0,0,"683,280",0,0,0,"304,028"
101401,KINDERHOOK,1,0,0,0,"2,603,655",0,0,0,0,0,0,"23,711","8,000",0.635,"5,080",0,0,0,0,0,0,0,0,0,0,0,0,0,0
101601,NEW LEBANON,1,0,0,0,"444,191",0,0,0,0,0,0,0,0,0.350,0,0,"151,138","68,012",0,0,0,"22,164",0,0,"2,493",0,0,0,0
110101,CINCINNATUS,1,0,0,0,"1,146,775",0,0,0,0,0,"92,400",0,0,0.824,0,0,0,0,0,0,0,0,0,0,0,0,0,0,"156,015"
110200,CORTLAND,1,0,0,0,"3,617,735",0,0,0,0,0,"87,900",0,"150,000",0.779,"116,850",0,"1,250,937","1,099,574",0,0,0,0,0,0,0,0,0,0,"508,644"
110304,MCGRAW,1,0,0,0,"1,485,823",0,0,0,0,0,"127,191",0,"2,301",0.847,"1,949",0,0,0,0,0,0,0,0,0,0,0,0,0,"217,092"
110701,HOMER,1,0,0,0,"1,784,073",0,0,0,0,0,"84,900","29,715",0,0.749,0,0,"2,296,842","1,950,019",0,0,0,0,0,0,0,0,0,0,"790,748"
110901,MARATHON,1,0,0,0,"1,677,718",0,0,0,0,0,0,0,"25,000",0.840,"21,000",0,0,0,0,0,0,0,0,0,0,0,0,0,"331,003"
120102,ANDES,1,0,0,0,"74,416",0,0,0,0,0,0,0,0,0.104,0,0,0,0,0,0,0,0,0,0,0,0,0,0,0
120301,DOWNSVILLE,1,0,0,0,"112,475",0,0,0,0,0,0,"3,500",0,0.001,0,0,"259,710","26,231",0,0,0,0,0,0,0,0,0,0,0
120401,CHARLOTTE VALL,1,0,0,0,"1,029,031",0,0,0,0,0,"77,500",0,0,0.675,0,0,0,0,0,0,0,0,0,0,0,0,0,0,"80,000"
120501,DELHI,1,0,0,0,"1,017,794",0,0,0,0,0,"30,786","22,222",0,0.633,0,0,"8,238","6,038",0,0,0,0,0,0,0,0,0,0,0
120701,FRANKLIN,1,0,0,0,"330,679",0,0,0,0,0,"81,100","13,500",0,0.711,0,0,0,0,0,0,0,0,0,0,0,0,0,0,"34,623"
120906,HANCOCK,1,0,0,0,"1,028,107",0,0,0,0,0,0,0,0,0.688,0,0,0,0,0,0,0,0,0,0,0,0,0,0,0
121401,MARGARETVILLE,1,0,0,0,"205,599",0,0,0,0,0,0,0,"4,565",0.322,"1,470",0,0,0,0,0,0,0,0,0,0,0,0,0,"48,000"
121502,ROXBURY,1,0,0,0,"108,741",0,"1,410","1,410",0,0,"55,300",0,0,0.453,0,0,"127,260","70,375",0,0,0,0,0,0,0,0,"2,820",0,"28,350"
121601,SIDNEY,1,0,0,"19,879","2,171,150","10,715",0,0,0,0,"93,500",0,0,0.835,0,0,0,0,0,0,0,0,0,0,0,0,0,0,"364,084"
121701,STAMFORD,1,0,0,0,"245,732",0,0,0,0,0,0,0,0,0.663,0,0,"241,702","184,419",0,0,0,0,0,0,0,0,0,0,"39,199"
121702,S. KORTRIGHT,1,0,0,0,"799,214",0,0,0,0,0,"73,100",0,0,0.631,0,0,0,0,0,0,0,0,0,0,0,0,0,0,"56,250"
121901,WALTON,1,0,0,0,"914,025",0,0,0,0,0,"83,800","22,920",0,0.738,0,0,"384,012","321,802",0,0,0,0,0,0,0,0,0,0,"298,435"
130200,BEACON,1,0,0,"1,681,206","1,338,464","5,523",0,0,0,"137,351",0,0,0,0.569,0,0,"778,166","520,593",0,0,"2,280,458","879,954",0,"423,024","147,172",0,0,0,"635,651"
130502,DOVER,1,0,0,0,"282,625",0,0,0,0,0,"314,438",0,0,0.672,0,0,"355,228","274,236",0,0,0,0,0,0,0,0,0,0,"296,536"
130801,HYDE PARK,1,0,0,0,"3,136,293",0,0,0,0,0,"67,700","23,695",0,0.577,0,0,"691,678","468,266",0,0,0,0,0,0,0,0,0,0,0
131101,NORTHEAST,1,0,0,0,"268,062",0,0,0,0,0,0,0,0,0.494,0,0,0,0,0,0,0,0,0,0,0,0,0,0,"160,872"
131201,PAWLING,1,0,0,"455,285","634,779",0,0,0,0,0,0,0,0,0.446,0,0,"1,753,467","957,393",0,0,0,0,0,0,0,0,0,0,"64,800"
131301,PINE PLAINS,1,0,0,0,"730,006",0,0,0,0,0,"46,800",0,"26,520",0.368,"9,759",0,0,0,0,0,0,0,0,0,0,0,0,0,"145,800"
131500,POUGHKEEPSIE,1,0,0,0,"1,863,334",0,"5,812","5,812",0,0,"529,200",0,0,0.782,0,0,"4,112,529","3,627,251",0,0,0,0,0,0,0,0,"11,624",0,"796,411"
131601,ARLINGTON,1,0,0,0,"4,476,441",0,0,0,0,0,0,0,"85,096",0.625,"53,185",0,"2,589,780","1,877,591",0,0,0,0,0,0,0,0,0,0,0
131602,SPACKENKILL,1,0,0,0,"1,023,984",0,0,0,0,0,0,0,"40,000",0.706,"28,240",0,0,0,0,0,0,0,0,0,0,0,0,0,"114,513"
131701,RED HOOK,1,0,0,0,"658,344",0,0,0,0,0,"64,400",0,0,0.544,0,0,"1,941,530","1,250,345",0,0,0,0,0,0,0,0,0,0,"37,800"
131801,RHINEBECK,1,0,0,0,"366,798",0,0,0,0,0,"36,800","3,500",0,0.268,0,0,0,0,0,0,0,0,0,0,0,0,0,0,0
132101,WAPPINGERS,1,0,0,0,"4,131,523",0,0,0,0,0,"63,400",0,0,0.534,0,0,"1,197,668","759,322",0,0,0,0,0,0,0,0,0,0,"303,675"
132201,MILLBROOK,1,0,0,0,"446,286",0,0,0,0,0,0,"3,500",0,0.130,0,0,0,0,0,0,0,0,0,0,0,0,0,"1,008","16,199"
140101,ALDEN,1,0,0,0,"2,258,860",0,0,0,0,0,"77,400","7,610",0,0.674,0,0,0,0,0,0,0,0,0,0,0,0,0,0,"163,404"
140201,AMHERST,1,0,0,0,"4,224,526",0,0,0,0,0,"76,400","26,740",0,0.664,0,0,0,0,0,0,0,"983,444",0,0,"182,921",0,0,0,"699,054"
140203,WILLIAMSVILLE,1,0,0,0,"6,632,508",0,0,0,0,0,"687,000",0,0,0.587,0,0,"2,900,632","1,992,734",0,0,0,0,0,0,0,0,0,0,"1,622,631"
140207,SWEET HOME,1,0,0,0,"3,289,706",0,0,0,0,0,"66,900",0,0,0.569,0,0,0,0,0,0,0,0,0,0,0,0,0,0,"710,100"
140301,EAST AURORA,1,0,0,0,"2,344,258",0,0,0,0,0,"66,100",0,0,0.561,0,0,"10,924","7,221",0,0,0,0,0,0,0,0,0,0,"183,601"
140600,BUFFALO,1,1,"5,260,413","2,248,874","94,473,275",0,0,0,0,0,0,0,0,0.873,0,0,"224,412","218,353",0,0,0,0,0,0,0,0,0,0,"13,974,542"
140701,CHEEKTOWAGA,1,0,0,0,"2,457,243",0,0,0,0,0,"234,000","25,200","144,800",0.620,"89,776",0,0,0,0,0,0,0,0,0,0,0,0,0,"514,120"
140702,MARYVALE,1,0,0,0,"2,490,890",0,0,0,0,0,"77,100","26,985","113,856",0.671,"76,397",0,"2,039,852","1,572,726",0,0,0,0,0,0,0,0,0,0,"445,942"
140703,CLEVELAND HILL,1,0,0,0,"1,363,598",0,0,0,0,0,"85,700",0,0,0.757,0,0,"432,950","371,038",0,0,0,0,0,0,0,0,0,0,"295,899"
140707,DEPEW,1,0,0,0,"1,864,924",0,0,0,0,0,"70,840",0,0,0.705,0,0,"1,635,132","1,316,281",0,0,0,0,0,0,0,0,0,0,"463,776"
140709,SLOAN,1,0,0,0,"1,258,538",0,0,0,0,0,"83,300",0,"72,102",0.733,"52,851",0,0,0,0,0,0,0,0,0,0,0,0,0,"234,341"
140801,CLARENCE,1,0,0,0,"3,077,349",0,0,0,0,0,"67,200","22,015","129,000",0.572,"73,788",0,"191,428","128,640",0,0,0,0,0,0,0,0,0,0,"863,997"
141101,SPRINGVILLE-GR,1,0,0,0,"3,175,756",0,0,0,0,0,0,0,"56,891",0.698,"39,710",0,"1,560,782","1,245,504",0,0,0,0,0,0,0,0,0,0,"361,504"
141201,EDEN,1,0,0,0,"1,438,826",0,0,0,0,0,"78,200","25,865",0,0.682,0,0,"691,662","540,880",0,0,0,0,0,0,0,0,0,0,"248,696"
141301,IROQUOIS,1,0,0,0,"2,887,370",0,0,0,0,0,"71,000",0,"156,037",0.610,"95,183",0,"41,044","29,141",0,0,0,0,0,0,0,0,0,0,"86,400"
141401,EVANS-BRANT,1,0,0,0,"3,654,025",0,0,0,0,0,"82,000",0,0,0.720,0,0,"881,162","722,553",0,0,0,"1,151,836",0,0,"149,739",0,0,0,"497,067"
141501,GRAND ISLAND,1,0,0,0,"4,067,205",0,0,0,0,0,"71,600","25,060",0,0.616,0,0,0,0,0,0,0,0,0,0,0,0,0,0,"623,823"
141601,HAMBURG,1,0,0,0,"2,711,040",0,0,0,0,0,"75,500",0,0,0.655,0,0,"877,954","662,855",0,0,0,0,0,0,0,0,0,0,"642,313"
141604,FRONTIER,1,0,0,0,"5,158,400",0,0,0,0,0,"74,000",0,0,0.640,0,0,"1,836,230","1,358,810",0,0,0,0,0,0,0,0,0,0,"680,177"
141701,HOLLAND,1,0,0,0,"1,245,216",0,0,0,0,0,"81,500",0,0,0.715,0,0,"445,282","362,905",0,0,0,0,0,0,0,0,0,0,"205,725"
141800,LACKAWANNA,1,0,0,0,"3,748,091",0,0,0,0,0,"82,320",0,0,0.898,0,0,0,0,0,0,0,0,0,0,0,0,0,0,"1,828,104"
141901,LANCASTER,1,0,0,"645,879","6,563,108",0,"5,709",0,0,"49,188","74,400","26,040",0,0.644,0,0,"2,306,673","1,716,165",0,0,0,0,0,0,0,0,"5,709","177,638","340,200"
142101,AKRON,1,0,0,0,"2,894,694",0,0,0,0,0,0,0,0,0.725,0,0,0,0,0,0,0,0,0,0,0,0,0,0,"334,172"
142201,NORTH COLLINS,1,0,0,0,"782,800",0,"30,681",0,0,0,"80,700",0,0,0.707,0,0,0,0,0,0,0,0,0,0,0,0,"30,681",0,"81,245"
142301,ORCHARD PARK,1,0,0,0,"2,296,508",0,0,0,0,0,0,0,"287,045",0.600,"172,227",0,"356,700","249,690",0,0,0,0,0,0,0,0,0,0,"815,400"
142500,TONAWANDA,1,0,0,0,"3,290,853",0,0,0,0,0,"850,000",0,0,0.750,0,0,"43,545","37,013",0,0,0,0,0,0,0,0,0,0,"258,293"
142601,KENMORE,1,0,0,0,"9,335,876",0,0,0,0,0,"73,800",0,0,0.638,0,0,0,0,0,0,0,0,0,0,0,0,0,0,"1,448,317"
142801,WEST SENECA,1,0,0,0,"4,015,250",0,0,0,0,0,"76,800","19,200",0,0.668,0,0,"2,150,575","1,651,642",0,0,0,0,0,0,0,0,0,0,"1,054,322"
150203,CROWN POINT,1,0,0,0,"176,342","2,151",0,0,0,0,0,"29,190","20,000",0.783,"15,660",0,0,0,0,0,0,0,0,0,0,0,0,0,"66,424"
150601,KEENE,1,0,0,0,"56,948",0,0,0,0,0,0,0,0,0.007,0,0,0,0,0,0,0,0,0,0,0,0,0,0,"13,500"
150801,MINERVA,1,0,0,0,"82,747",0,0,0,0,0,"36,200",0,0,0.262,0,0,0,0,0,0,0,0,0,0,0,0,0,0,"10,799"
150901,MORIAH,1,0,0,0,"1,259,026",0,0,0,0,0,0,"27,840","25,000",0.869,"21,725",0,"43,066","41,731",0,0,0,0,0,0,0,0,0,0,"395,822"
151001,NEWCOMB,0,0,0,0,"117,861",0,0,0,0,0,0,0,0,0.111,0,0,0,0,0,0,0,0,0,0,0,0,0,0,"2,700"
151102,LAKE PLACID,1,0,0,0,"429,770",0,0,0,0,0,0,0,"13,900",0.199,"2,766",0,"10,710","3,202",0,0,0,0,0,0,0,0,0,0,0
151401,SCHROON LAKE,1,0,0,0,"74,265",0,0,0,0,0,0,0,0,0.046,0,0,0,0,0,0,0,0,0,0,0,0,0,0,0
151501,TICONDEROGA,1,0,0,0,"1,014,357",0,0,0,0,0,"54,400",0,"14,052",0.444,"6,239",0,0,0,0,0,0,"1,227,924",0,0,"166,997",0,0,0,"81,000"
151701,WILLSBORO,1,0,0,"304,436","79,954",0,"8,900",0,0,"9,293","52,000",0,0,0.420,0,0,0,0,0,0,0,0,0,0,0,0,"8,900",0,"25,138"
151801,BOQUET VALLEY,1,1,0,0,"70,186",0,0,0,0,0,0,0,0,0.593,0,0,0,0,0,0,0,0,0,0,0,0,0,0,"143,495"
160101,TUPPER LAKE,1,0,0,0,"611,042",0,0,0,0,0,"78,400",0,0,0.684,0,0,0,0,0,0,0,0,0,0,0,0,0,"4,576",0
160801,CHATEAUGAY,1,0,0,0,"1,401,257",0,0,0,0,0,"90,300",0,0,0.803,0,0,"267,136","241,224",0,0,0,0,0,0,0,0,0,0,"264,663"
161201,SALMON RIVER,1,0,0,0,"4,987,471",0,0,0,0,0,"245,000",0,0,0.959,0,0,"84,188","82,504",0,0,0,0,0,0,0,0,0,"23,531","309,111"
161401,SARANAC LAKE,1,0,0,0,"591,969",0,0,0,0,0,0,0,"7,900",0.445,"3,516",0,"294,144","160,308",0,0,0,0,0,0,0,0,0,0,"245,700"
161501,MALONE,1,0,0,0,"5,199,779",0,"253,318",0,0,0,"94,300",0,0,0.843,0,0,"835,548","787,922",0,0,0,0,0,0,0,0,"253,318",0,"755,861"
161601,BRUSHTON MOIRA,1,0,0,0,"1,933,924",0,0,0,0,0,"98,000","19,340",0,0.910,0,0,"70,768","69,353",0,0,0,0,0,0,0,0,0,0,"347,429"
161801,ST REGIS FALLS,1,0,0,"433,683","502,612","4,679",0,0,0,0,"80,800",0,0,0.708,0,0,0,0,0,0,0,0,0,0,0,0,0,0,"41,103"
170301,WHEELERVILLE,1,0,0,0,"196,459",0,0,0,0,0,"62,300",0,"20,000",0.523,"10,460",0,"96,724","60,259",0,0,0,0,0,0,0,0,0,0,0
170500,GLOVERSVILLE,1,0,0,0,"6,481,784",0,0,0,0,0,0,0,0,0.899,0,0,0,0,0,0,0,"1,096,815",0,0,1,0,0,0,"332,890"
170600,JOHNSTOWN,1,0,0,0,"3,046,644",0,"82,875",0,0,0,"92,800",0,0,0.828,0,0,0,0,0,0,0,"413,354",0,0,"21,495",0,"82,875",0,"297,502"
170801,MAYFIELD,1,0,0,0,"1,141,070",0,0,0,0,0,"81,400","27,090",0,0.714,0,0,"928,260","755,604",0,0,0,0,0,0,0,0,0,0,"274,388"
170901,NORTHVILLE,1,0,0,0,"780,949",0,0,0,0,0,"68,700",0,0,0.587,0,0,"597,974","410,808",0,0,0,0,0,0,0,0,0,0,"48,600"
171102,BROADALBIN-PER,1,0,0,0,"2,456,140",0,0,0,0,0,0,"28,035",0,0.713,0,0,0,0,0,0,0,0,0,0,0,0,0,0,"167,207"
180202,ALEXANDER,1,0,0,0,"1,300,878",0,0,0,0,0,0,"30,590",0,0.774,0,0,"6,624","5,789",0,0,0,0,0,0,0,0,0,0,"273,896"
180300,BATAVIA,1,0,0,0,"2,018,713",0,0,0,0,0,"89,800",0,0,0.798,0,0,"259,318","232,868",0,0,0,0,0,0,0,0,0,0,"658,308"
180701,BYRON BERGEN,1,0,0,0,"2,772,769",0,0,0,0,0,"86,800","17,360",0,0.768,0,0,"1,326,483","1,151,387",0,0,0,0,0,0,0,0,0,0,"201,654"
180901,ELBA,1,0,0,0,"522,501",0,0,0,0,0,"89,000",0,0,0.790,0,0,0,0,0,0,0,0,0,0,0,0,0,0,"60,827"
181001,LE ROY,1,0,0,0,"2,846,198",0,0,0,0,0,"90,000",0,0,0.800,0,0,0,0,0,0,0,0,0,0,0,0,0,0,"264,941"
181101,OAKFIELD ALABA,1,0,0,0,"2,795,688",0,0,0,0,0,"91,400","54,840","21,420",0.814,"17,436",0,0,0,0,0,0,0,0,0,0,0,0,0,"343,317"
181201,PAVILION,1,0,"30,319",0,"446,140",0,0,0,0,0,"85,100",0,0,0.751,0,0,0,0,0,0,0,0,0,0,0,0,0,0,"292,448"
181302,PEMBROKE,1,0,0,0,"2,159,654",0,0,0,0,0,"164,400",0,0,0.722,0,0,0,0,0,0,0,0,0,0,0,0,0,"117,827","195,381"
190301,CAIRO-DURHAM,1,0,0,0,"1,872,413",0,0,0,0,0,"64,200","20,300","30,000",0.542,"16,260",0,"837,784","537,857",0,0,0,"347,101",0,0,"55,709",0,0,0,"61,824"
190401,CATSKILL,1,0,0,"871,204","2,338,693",0,0,0,0,"91,495",0,0,0,0.595,0,0,"44,940","31,233",0,0,"1,139,856","648,494",0,"208,594","109,982",0,0,0,"262,989"
190501,COXSACKIE ATHE,1,0,0,0,"1,538,360",0,0,0,0,0,"71,000",0,0,0.610,0,0,"139,094","98,757",0,0,0,0,0,0,0,0,0,0,0
190701,GREENVILLE,1,0,0,0,"1,356,491",0,0,0,0,0,0,0,0,0.603,0,0,"56,262","39,552",0,0,0,0,0,0,0,0,0,0,"110,592"
190901,HUNTER TANNERS,1,0,0,0,"49,888",0,"46,459",0,0,0,0,0,0,0.000,0,0,0,0,0,0,0,0,0,0,0,0,"46,459",0,"45,900"
191401,WINDHAM ASHLAN,1,0,0,0,"89,465",0,0,0,0,0,0,0,0,0.000,0,0,"419,832","41,983",0,0,0,0,0,0,0,0,0,0,0
200401,INDIAN LAKE,1,0,0,0,"34,060",0,0,0,0,0,"4,500",0,"10,000",0.000,0,0,"116,096","11,610",0,0,0,0,0,0,0,0,0,0,0
200601,LAKE PLEASANT,1,0,"1,000","54,886","1,025",0,0,0,0,"2,244",0,0,0,0.000,0,0,"660,296","66,030",0,0,0,0,0,0,0,0,0,0,0
200701,LONG LAKE,1,0,0,0,"33,350",0,"3,774",0,0,0,0,0,0,0.000,0,0,0,0,0,0,0,0,0,0,0,0,"3,774",0,0
200901,WELLS,1,0,0,0,"115,355",0,0,0,0,0,0,0,0,0.210,0,0,0,0,0,0,0,0,0,0,0,0,0,0,0
210302,WEST CANADA VA,1,0,0,0,"997,151",0,0,0,0,0,0,"11,506","16,500",0.808,"13,332",0,"414,922","376,749",0,0,0,0,0,0,0,0,0,0,"268,401"
210402,FRANKFORT-SCHU,1,0,0,0,"636,938",0,0,0,0,0,0,0,0,0.736,0,0,0,0,0,0,0,0,0,0,0,0,0,0,"111,626"
210601,HERKIMER,1,0,0,0,"2,304,809",0,0,0,0,0,"95,700",0,0,0.857,0,0,"870,507","833,075",0,0,0,0,0,0,0,0,0,0,"477,781"
210800,LITTLE FALLS,1,0,0,0,"2,482,591",0,0,0,0,0,0,0,0,0.866,0,0,0,0,0,0,0,0,0,0,0,0,0,0,"165,355"
211003,DOLGEVILLE,1,0,0,0,"672,432",0,0,0,0,0,"89,200","8,534",0,0.792,0,0,"1,242,490","1,108,301",0,0,0,0,0,0,0,0,0,0,"183,090"
211103,POLAND,1,0,0,0,"171,033",0,"120,085",0,0,0,0,"15,225",0,0.581,0,0,"1,881,644","1,281,400",0,0,0,0,0,0,0,0,"120,085",0,"149,078"
211701,VAN HORNSVILLE,1,0,0,0,"210,962",0,0,0,0,0,"81,900","26,495",0,0.719,0,0,"468,852","383,990",0,0,0,0,0,0,0,0,0,0,"84,583"
211901,TOWN OF WEBB,1,0,0,0,"8,133",0,"2,054",0,0,0,"10,000",0,"118,090",0.000,0,0,0,0,0,0,0,0,0,0,0,0,"2,054",0,"48,600"
212001,MT MARKHAM CSD,1,0,0,0,"1,319,728",0,0,0,0,0,"94,400","31,640",0,0.844,0,0,"2,210,008","2,086,248",0,0,0,"17,088",0,0,1,0,0,0,"413,905"
212101,CENTRAL VALLEY,1,1,0,"49,885","8,094,483",0,0,0,0,0,"98,000","34,125",0,0.918,0,0,"73,677","72,203",0,0,0,"5,543,142",0,0,0,0,0,0,"852,326"
220101,S. JEFFERSON,1,0,0,0,"2,435,955",0,0,0,0,0,"90,600","104,190",0,0.806,0,0,0,0,0,0,0,"1,885,104",0,0,"82,946",0,0,0,"389,628"
220202,ALEXANDRIA,1,0,0,0,"508,452",0,0,0,0,0,"53,900","5,173",0,0.439,0,0,0,0,0,0,0,"10,304",0,0,"1,388",0,0,0,"48,735"
220301,INDIAN RIVER,1,0,0,0,"6,236,551",0,0,0,0,0,0,0,0,0.921,0,0,"1,691,008","1,657,188",0,0,0,0,0,0,0,0,0,0,"1,508,008"
220401,GENERAL BROWN,1,0,0,0,"1,722,390",0,0,0,0,0,"84,000",0,0,0.740,0,0,0,0,0,0,0,0,0,0,0,0,0,0,"173,477"
220701,THOUSAND ISLAN,1,0,0,0,"722,033",0,"34,442",0,0,0,"64,700","14,457",0,0.547,0,0,0,0,0,0,0,0,0,0,0,0,"34,442",0,0
220909,BELLEVILLE-HEN,1,0,0,0,"803,768",0,0,0,0,0,"71,400",0,0,0.614,0,0,0,0,0,0,0,"681,814",0,0,"146,044",0,0,0,"107,310"
221001,SACKETS HARBOR,1,0,0,0,"544,219",0,0,0,0,0,0,0,0,0.696,0,0,0,0,0,0,0,0,0,0,0,0,0,0,"113,616"
221301,LYME,1,0,0,0,"319,075",0,0,0,0,0,0,0,"17,000",0.583,"9,911",0,0,0,0,0,0,0,0,0,0,0,0,0,"35,649"
221401,LA FARGEVILLE,1,0,0,"31,182","897,715",0,0,0,0,0,0,0,0,0.626,0,0,0,0,0,0,0,0,0,0,0,0,0,0,"77,943"
222000,WATERTOWN,1,0,0,"1,625,668","1,817,877",0,0,0,0,"58,522","92,500","31,010","85,000",0.825,"70,125",0,0,0,0,0,"1,769,386","740,616",0,"53,082","40,735",0,0,0,"3,550,431"
222201,CARTHAGE,1,0,0,0,"3,411,560",0,0,0,0,0,"98,000",0,0,0.893,0,0,"225,850","221,333",0,0,0,0,0,0,0,0,0,0,"756,139"
230201,COPENHAGEN,1,0,0,0,"1,215,482",0,0,0,0,0,"92,600","8,470",0,0.826,0,0,0,0,0,0,0,0,0,0,0,0,0,0,"283,571"
230301,HARRISVILLE,1,0,0,0,"711,776",0,0,0,0,0,"82,700",0,0,0.727,0,0,0,0,0,0,0,0,0,0,0,0,0,0,"79,095"
230901,LOWVILLE,1,0,0,0,"3,062,430",0,0,0,0,0,"89,600","30,065",0,0.796,0,0,0,0,0,0,0,0,0,0,0,0,0,0,"152,015"
231101,SOUTH LEWIS,1,0,0,0,"3,082,607",0,0,0,0,0,"85,300",0,0,0.753,0,0,"3,430","2,926",0,0,0,"1,509,938",0,0,"191,762",0,0,0,"209,871"
231301,BEAVER RIVER,1,0,0,0,"1,341,227",0,0,0,0,0,"82,100",0,0,0.721,0,0,0,0,0,0,0,0,0,0,0,0,0,0,0
240101,AVON,1,0,0,0,"1,273,375",0,0,0,0,0,"85,200","5,112",0,0.752,0,0,0,0,0,0,0,0,0,0,0,0,0,0,0
240201,CALEDONIA MUMF,1,0,0,0,"746,886",0,0,0,0,0,"84,000","29,400",0,0.740,0,0,0,0,0,0,0,0,0,0,0,0,0,0,"136,940"
240401,GENESEO,1,0,0,0,"1,484,492",0,0,0,0,0,"70,400",0,0,0.604,0,0,"315,792","222,318",0,0,0,0,0,0,0,0,0,0,"225,959"
240801,LIVONIA,1,0,"56,016",0,"972,192",0,0,0,0,0,"514,118",0,0,0.678,0,0,"1,076,898","837,827",0,0,0,0,0,0,0,0,0,0,"273,702"
240901,MOUNT MORRIS,1,0,0,0,"979,864",0,0,0,0,0,"98,000","33,005",0,0.885,0,0,0,0,0,0,0,0,0,0,0,0,0,0,"256,073"
241001,DANSVILLE,1,0,0,0,"1,580,533",0,0,0,0,0,"89,600",0,0,0.796,0,0,0,0,0,0,0,0,0,0,0,0,0,0,"830,569"
241101,DALTON-NUNDA,1,0,0,0,"1,359,559",0,0,0,0,0,"91,200",0,0,0.812,0,0,0,0,0,0,0,0,0,0,0,0,0,0,"318,269"
241701,YORK,1,0,0,0,"1,498,692",0,0,0,0,0,"87,000",0,"87,780",0.770,"67,591",0,0,0,0,0,0,0,0,0,0,0,0,"102,849","124,245"
250109,BROOKFIELD,1,0,0,0,"563,829",0,0,0,0,0,0,"31,185",0,0.830,0,0,0,0,0,0,0,0,0,0,0,0,0,0,"30,843"
250201,CAZENOVIA,1,0,0,0,"1,987,546",0,0,0,0,0,"71,000",0,0,0.610,0,0,"633,696","449,924",0,0,0,0,0,0,0,0,0,0,0
250301,DE RUYTER,1,0,0,0,"667,070",0,0,0,0,0,"86,800",0,0,0.768,0,0,0,0,0,0,0,0,0,0,0,0,0,0,"130,458"
250401,MORRISVILLE EA,1,0,0,0,"773,515",0,0,0,0,0,"88,600","29,575",0,0.786,0,0,0,0,0,0,0,0,0,0,0,0,0,0,"99,759"
250701,HAMILTON,1,0,0,0,"890,418",0,0,0,0,0,0,"25,515",0,0.660,0,0,"23,378","17,767",0,0,0,0,0,0,0,0,0,0,"55,600"
250901,CANASTOTA,1,0,0,0,"2,992,233",0,0,0,0,0,"89,100","31,185",0,0.791,0,0,"15,376","13,700",0,0,0,0,0,0,0,0,0,0,"289,825"
251101,MADISON,1,0,0,0,"843,394",0,0,0,0,0,0,0,0,0.781,0,0,"540,296","476,001",0,0,0,0,0,0,0,0,0,0,"81,520"
251400,ONEIDA CITY,1,0,0,0,"3,020,345",0,0,0,0,0,"87,400",0,0,0.774,0,0,0,0,0,0,0,"1,279,842",0,0,"97,269",0,0,0,"545,430"
251501,STOCKBRIDGE VA,1,0,0,"40,123","1,007,073",906,0,0,0,"2,749",0,0,0,0.885,0,0,0,0,0,0,0,0,0,0,0,0,0,"13,465","69,466"
251601,CHITTENANGO,1,0,0,0,"2,058,923",0,0,0,0,0,"86,000",0,"45,000",0.760,"34,200",0,"439,828","378,252",0,0,0,0,0,0,0,0,0,0,"500,240"
260101,BRIGHTON,1,0,0,0,"3,435,435",0,0,0,0,0,0,0,0,0.691,0,0,"957,734","757,568",0,0,0,"170,532",0,0,"27,115",0,0,0,0
260401,GATES CHILI,1,0,0,0,"8,168,648",0,"126,944",0,0,0,"79,600",0,0,0.696,0,0,0,0,0,0,0,0,0,0,0,0,"126,944",0,"245,100"
260501,GREECE,1,0,0,"535,796","9,663,999",0,0,0,0,0,"86,900",0,0,0.769,0,0,"2,570,907","2,234,118",0,0,0,0,0,0,0,0,0,0,"1,871,485"
260801,E. IRONDEQUOIT,1,0,0,"1,443,580","7,503,991",0,"297,735",0,0,0,0,0,0,0.713,0,0,"940,452","764,587",0,0,0,0,0,0,0,0,"297,735","130,856","236,197"
260803,W. IRONDEQUOIT,1,0,0,"27,375","1,348,836",0,0,0,0,"7,308","88,300","30,905",0,0.783,0,0,0,0,0,0,0,0,0,0,0,0,0,0,0
260901,HONEOYE FALLS,1,0,0,0,"4,371,918",0,0,0,0,0,"79,000","3,950",0,0.690,0,0,"70,968","56,065",0,0,0,"386,920",0,0,"61,908",0,0,"33,570","297,279"
261001,SPENCERPORT,1,0,0,0,"2,626,521",0,0,0,0,0,0,0,0,0.759,0,0,0,0,0,0,0,0,0,0,0,0,0,"20,889","222,553"
261101,HILTON,1,0,0,0,"3,992,869",0,0,0,0,0,"87,600","30,660","125,000",0.776,"97,000",0,"14,512","12,713",0,0,0,0,0,0,0,0,0,"112,048","501,907"
261201,PENFIELD,1,0,0,0,"2,877,958",0,0,0,0,0,0,"28,035",0,0.701,0,0,"1,433,960","1,148,602",0,0,0,0,0,0,0,0,0,0,0
261301,FAIRPORT,1,0,0,0,"6,143,099",0,0,0,0,0,"76,146","23,310",0,0.677,0,0,"1,390,030","1,080,053",0,0,0,0,0,0,0,0,0,0,0
261313,EAST ROCHESTER,1,0,0,0,"1,425,120",0,0,0,0,0,0,"1,272",0,0.697,0,0,0,0,0,0,0,0,0,0,0,0,0,0,"103,081"
261401,PITTSFORD,1,0,0,0,"3,923,866",0,0,0,0,0,0,"25,410",0,0.626,0,0,"335,878","243,847",0,0,0,0,0,0,0,0,0,0,0
261501,CHURCHVILLE CH,1,0,0,0,"7,675,856",0,0,0,0,0,"86,300","30,205",0,0.763,0,0,"472,738","407,973",0,0,0,0,0,0,0,0,0,0,0
261600,ROCHESTER,1,1,0,0,"74,523,485",0,0,0,0,0,"196,000","91,580","722,937",0.907,"655,704",0,"1,610,518","1,578,308",0,0,0,0,0,0,0,0,0,0,"36,188,959"
261701,RUSH HENRIETTA,1,0,0,0,"3,734,452",0,0,0,0,0,"72,300","14,469",0,0.623,0,0,"510,122","368,818",0,0,0,0,0,0,0,0,0,0,"621,088"
261801,BROCKPORT,1,0,0,0,"3,305,887",0,0,0,0,0,"86,100","30,135",0,0.761,0,0,"879,164","756,960",0,0,0,0,0,0,0,0,0,0,"956,256"
261901,WEBSTER,1,0,0,"482,406","5,901,039",0,0,0,0,"5,232",0,0,0,0.647,0,0,"2,120,846","1,584,272",0,0,0,0,0,0,0,0,0,"447,181","1,304,100"
262001,WHEATLAND CHIL,1,0,0,0,"1,130,232",0,0,0,0,0,"74,900","26,215",0,0.649,0,0,"47,842","35,834",0,0,0,0,0,0,0,0,0,0,"81,000"
270100,AMSTERDAM,1,0,0,0,"8,885,416",0,0,0,0,0,0,0,0,0.852,0,0,"218,798","208,296",0,0,0,"4,293,960",0,0,"130,652",0,0,0,"1,217,769"
270301,CANAJOHARIE,1,0,0,"775,419","707,996","2,087",0,0,0,"14,452","92,100",0,0,0.821,0,0,"81,976","75,500",0,0,0,0,0,0,0,0,0,0,"348,112"
270601,FONDA FULTONVI,1,0,0,"674,281","1,368,987",0,0,0,0,0,"101,400",0,0,0.745,0,0,"617,492","521,781",0,0,0,0,0,0,0,0,0,0,"390,003"
270701,FORT PLAIN,1,0,0,0,"1,945,359",0,0,0,0,0,0,0,0,0.819,0,0,"78,995","72,596",0,0,0,0,0,0,0,0,0,"23,938","102,972"
271201,OP-EPH-ST JHNS,1,1,0,0,"2,290,954",0,0,0,0,0,0,0,"11,900",0.837,"9,960",0,"116,811","109,452",0,0,0,"2,319,028",0,0,"99,718",0,0,0,"337,911"
280100,GLEN COVE,1,0,0,0,"119,663",0,"10,136","5,068",0,0,0,0,0,0.336,0,0,"1,848,312","805,864",0,0,0,0,0,0,0,0,"15,204",0,"342,280"
280201,HEMPSTEAD,1,1,0,0,"2,650,177",0,0,0,0,0,"158,760",0,0,0.920,0,0,"2,466,156","2,416,833",0,0,0,0,0,0,0,0,0,0,"3,622,286"
280202,UNIONDALE,1,0,0,0,"3,020,180",0,0,0,0,0,0,0,0,0.605,0,0,"8,892,671","6,269,333",0,0,0,0,0,0,0,0,0,0,"3,232,160"
280203,EAST MEADOW,1,0,0,0,"886,639",0,0,0,0,0,0,0,"46,901",0.617,"28,938",0,"2,070,212","1,484,342",0,0,0,0,0,0,0,0,0,"28,457","877,851"
280204,NORTH BELLMORE,1,0,0,0,"837,067",0,0,0,0,0,0,"22,440",0,0.648,0,0,"589,412","440,880",0,0,0,0,0,0,0,0,0,0,"575,036"
280205,LEVITTOWN,1,0,0,0,"2,409,954",0,"226,442","113,221",0,0,0,0,0,0.698,0,0,0,0,0,0,0,0,0,0,0,0,"339,663","174,679","1,220,854"
280206,SEAFORD,1,0,0,0,"1,094,225",0,0,0,0,0,0,"21,630",0,0.518,0,0,"649,695","401,512",0,0,0,0,0,0,0,0,0,"37,454",0
280207,BELLMORE,1,0,0,0,"794,294",0,0,0,0,0,0,0,0,0.522,0,0,0,0,0,0,0,0,0,0,0,0,0,0,"455,400"
280208,ROOSEVELT,1,0,0,0,"13,091,415",0,0,0,0,0,"47,850",0,0,0.857,0,0,"149,910","143,464",0,0,0,0,0,0,0,0,0,0,"1,947,439"
280209,FREEPORT,1,0,0,0,"3,392,835",0,792,0,0,0,"87,800",0,"62,398",0.778,"48,546",0,"215,660","189,349",0,0,0,0,0,0,0,0,792,0,"2,316,595"
280210,BALDWIN,1,0,0,0,"284,596",0,0,0,0,0,0,0,0,0.610,0,0,"850,716","604,008",0,0,0,0,0,0,0,0,0,"21,466","297,545"
280211,OCEANSIDE,1,0,0,0,"1,277,874",0,0,0,0,0,0,0,0,0.338,0,0,0,0,0,0,0,0,0,0,0,0,0,0,"701,999"
280212,MALVERNE,1,0,0,0,"1,544,627",0,0,0,0,0,0,0,0,0.512,0,0,"176,332","107,915",0,0,0,0,0,0,0,0,0,0,0
280213,V STR THIRTEEN,1,1,0,0,"2,472,049",0,"314,268","314,268",0,0,"75,600",0,0,0.656,0,0,0,0,0,0,0,0,0,0,0,0,"628,536",0,"410,239"
280214,HEWLETT WOODME,1,0,0,0,"1,545,275","1,015",0,0,0,0,0,0,"30,833",0.321,"9,897",0,0,0,0,0,0,0,0,0,0,0,0,"200,270","604,972"
280215,LAWRENCE,1,0,0,0,"78,636",0,0,0,0,0,0,0,0,0.000,0,0,0,0,0,0,0,0,0,0,0,0,0,0,"987,401"
280216,ELMONT,1,0,0,0,"715,600","10,354",0,0,0,0,0,0,0,0.589,0,0,"81,573","56,204",0,0,0,0,0,0,0,0,0,0,"1,165,948"
280217,FRANKLIN SQUAR,1,0,0,0,"380,644",0,"114,952","34,243",0,0,0,0,0,0.540,0,0,0,0,0,0,0,0,0,0,0,0,"149,195",0,"259,199"
280218,GARDEN CITY,1,0,0,0,"601,233",0,"77,881","77,881",0,0,0,0,0,0.103,0,0,"1,110,138","225,358",0,0,0,0,0,0,0,0,"155,762","28,673","194,397"
280219,EAST ROCKAWAY,1,0,0,0,"755,553",0,0,0,0,0,0,0,"9,593",0.409,"3,924",0,"350,092","178,197",0,0,0,0,0,0,0,0,0,0,"124,199"
280220,LYNBROOK,1,0,0,0,"787,097",0,0,0,0,0,0,0,"22,695",0.424,"9,623",0,"2,692,648","1,410,948",0,0,0,0,0,0,0,0,0,0,"210,598"
280221,ROCKVILLE CENT,1,0,0,0,"1,386,918",744,0,0,0,0,0,0,"42,000",0.357,"14,994",0,0,0,0,0,0,0,0,0,0,0,0,"19,509",0
280222,FLORAL PARK,1,0,0,0,"857,244",0,0,0,0,0,0,0,0,0.451,0,0,"733,556","404,189",0,0,0,0,0,0,0,0,0,"48,306","215,999"
280223,WANTAGH,1,0,0,0,"909,686","1,132",0,0,0,0,0,0,0,0.557,0,0,"108,649","71,382",0,0,0,0,0,0,0,0,0,0,"340,199"
280224,V STR TWENTY-F,1,1,0,0,"546,812",0,0,0,0,0,0,0,0,0.577,0,0,0,0,0,0,0,0,0,0,0,0,0,"12,552","112,712"
280225,MERRICK,1,0,0,0,"815,833",0,0,0,0,0,0,"15,800",0,0.532,0,0,"568,492","359,287",0,0,0,0,0,0,0,0,0,0,"469,800"
280226,ISLAND TREES,1,0,0,0,"2,380,383",0,0,0,0,0,0,0,0,0.577,0,0,"575,036","389,299",0,0,0,0,0,0,0,0,0,0,"35,900"
280227,WEST HEMPSTEAD,1,0,0,0,"1,062,055",0,0,0,0,0,0,0,"13,717",0.345,"4,732",0,"473,964","210,914",0,0,0,0,0,0,0,0,0,0,"199,800"
280229,NORTH MERRICK,1,0,0,0,"1,074,850",0,0,0,0,0,0,0,0,0.692,0,0,"39,998","31,678",0,0,0,0,0,0,0,0,0,0,"349,999"
280230,VALLEY STR UF,1,1,0,0,"1,008,370",0,0,0,0,0,0,0,0,0.640,0,0,"1,581,450","1,170,273",0,0,0,0,0,0,0,0,0,0,"489,077"
280231,ISLAND PARK,1,0,0,0,"295,344",0,"20,912","2,179",0,0,0,0,0,0.032,0,0,0,0,0,0,0,0,0,0,0,0,"23,091","65,668",0
280251,VALLEY STR CHS,1,1,0,0,"3,133,803",0,0,0,0,0,0,"7,320",0,0.632,0,0,"541,233","396,183",0,0,0,0,0,0,0,0,0,0,0
280252,SEWANHAKA,1,0,0,0,"4,708,346",0,0,0,0,0,0,0,0,0.508,0,0,0,0,0,0,0,0,0,0,0,0,0,0,0
280253,BELLMORE-MERRI,1,0,0,0,"4,064,372",20,0,0,0,0,0,"9,361",0,0.597,0,0,"167,000","116,399",0,0,0,0,0,0,0,0,0,0,0
280300,LONG BEACH,1,0,0,0,"3,244,682",0,0,0,0,0,0,0,0,0.324,0,0,"1,087,406","461,060",0,0,0,0,0,0,0,0,0,0,0
280401,WESTBURY,1,0,0,0,"4,138,014",0,0,0,0,0,0,0,0,0.748,0,0,"751,632","637,384",0,0,0,0,0,0,0,0,0,0,"1,802,980"
280402,EAST WILLISTON,1,0,0,0,"609,423",0,0,0,0,0,0,"11,460",0,0.282,0,0,"287,556","109,846",0,0,0,0,0,0,0,0,0,"59,394","199,801"
280403,ROSLYN,1,0,0,0,"394,861",0,0,0,0,0,0,"8,400",0,0.140,0,0,"2,364,792","567,550",0,0,0,0,0,0,0,0,0,0,"249,986"
280404,PORT WASHINGTO,1,0,0,"7,225","1,078,005",0,0,0,0,0,0,"9,990","39,500",0.226,"8,927",0,"1,555,782","507,185",0,0,0,0,0,0,0,0,0,"42,051","1,109,323"
280405,NEW HYDE PARK,1,0,0,0,"422,120",0,"15,690","7,845",0,0,0,0,0,0.368,0,0,0,0,0,0,0,0,0,0,0,0,"23,535",0,"386,100"
280406,MANHASSET,1,0,0,0,"120,841",0,0,0,0,0,"10,000","2,500",0,0.000,0,0,"448,870","44,887",0,0,0,0,0,0,0,0,0,0,0
280407,GREAT NECK,1,0,0,0,"618,664",0,"59,724","29,862",0,0,0,"3,500",0,0.000,0,0,"2,866,860","286,686",0,0,0,0,0,0,0,0,"89,586","87,101","722,846"
280409,HERRICKS,1,0,0,0,"1,162,873",0,0,0,0,0,0,0,0,0.493,0,0,"43,532","25,814",0,0,0,0,0,0,0,0,0,"306,443","756,000"
280410,MINEOLA,1,0,0,0,"385,167",0,"91,441","51,677",0,0,0,0,0,0.045,0,0,"449,034","65,110",0,0,0,0,0,0,0,0,"143,118",0,"739,800"
280411,CARLE PLACE,1,0,0,0,"166,092",0,0,0,0,0,0,0,0,0.064,0,0,"338,250","55,473",0,0,0,0,0,0,0,0,0,0,0
280501,NORTH SHORE,1,0,0,0,"597,923",0,0,0,0,0,"5,899",0,0,0.069,0,0,"1,224,408","206,925",0,0,0,0,0,0,0,0,0,0,"593,996"
280502,SYOSSET,1,0,0,0,"1,308,743",0,"3,030",0,0,0,0,0,"75,746",0.284,"21,512",0,"2,323,529","892,235",0,0,0,0,0,0,0,0,"3,030",0,"631,800"
280503,LOCUST VALLEY,1,0,0,0,"171,060",0,"1,231",0,0,0,0,500,0,0.000,0,0,"404,934","40,493",0,0,0,0,0,0,0,0,"1,231",0,"194,397"
280504,PLAINVIEW,1,0,0,0,"2,691,496",0,"6,867",0,0,0,0,0,0,0.409,0,0,"483,642","246,174",0,0,0,0,0,0,0,0,"6,867",0,"756,001"
280506,OYSTER BAY,1,0,0,0,"90,409",0,0,0,0,0,0,0,0,0.000,0,0,"1,155,532","115,553",0,0,0,0,0,0,0,0,0,0,"84,197"
280515,JERICHO,1,0,0,0,"514,819",0,0,0,0,0,0,0,"50,000",0.099,"4,950",0,"3,276,864","652,096",0,0,0,0,0,0,0,0,0,0,"485,999"
280517,HICKSVILLE,1,0,0,0,"1,144,617",0,"2,083","1,041",0,0,0,0,0,0.229,0,0,"164,762","54,207",0,0,0,0,0,0,0,0,"3,124","88,907","340,201"
280518,PLAINEDGE,1,0,0,0,"1,770,929",0,0,0,0,0,0,"22,225",0,0.535,0,0,"459,350","291,687",0,0,0,0,0,0,0,0,0,"52,404","415,800"
280521,BETHPAGE,1,0,0,0,"835,422",0,0,0,0,0,0,0,0,0.393,0,0,"1,152,542","568,203",0,0,0,0,0,0,0,0,0,0,0
280522,FARMINGDALE,1,0,0,0,"1,564,052",0,"613,986","306,993",0,0,0,0,0,0.411,0,0,0,0,0,0,0,0,0,0,0,0,"920,979",0,"427,523"
280523,MASSAPEQUA,1,0,0,0,"4,279,143",0,"94,178","47,089",0,0,0,"18,340",0,0.433,0,0,"805,398","429,277",0,0,0,0,0,0,0,0,"141,267",0,0
300000,NEW YORK CITY,1,1,"85,056,190","1,429,838,401",0,"538,767",0,0,"118,042,288",0,0,0,"14,912,152",0.469,"6,993,799",0,0,0,"36,183,609","26,478,343",0,0,0,0,0,0,0,0,"253,138,933"
400301,LEWISTON PORTE,1,0,0,0,"3,560,867",0,0,0,0,0,"72,600",0,0,0.626,0,0,0,0,0,0,0,0,0,0,0,0,0,0,"423,520"
400400,LOCKPORT,1,0,0,0,"6,809,302",0,"277,663",0,0,0,"85,400",0,0,0.754,0,0,0,0,0,0,0,0,0,0,0,0,"277,663",0,"717,936"
400601,NEWFANE,1,0,0,0,"1,705,316",0,0,0,0,0,"81,600",0,0,0.716,0,0,0,0,0,0,0,0,0,0,0,0,0,0,"280,104"
400701,NIAGARA WHEATF,1,0,0,"323,735","3,281,478",0,0,0,0,"28,199",0,"26,188","65,000",0.667,"43,355",0,"137,044","105,113",0,0,0,0,0,0,0,0,0,0,"1,139,577"
400800,NIAGARA FALLS,1,0,0,"4,147,841","10,418,235",0,0,0,0,0,0,"33,110","211,421",0.888,"187,742",0,0,0,0,0,0,0,0,0,0,0,0,0,"4,357,010"
400900,N. TONAWANDA,1,0,0,0,"5,737,614",0,0,0,0,0,"79,700","318,400",0,0.697,0,0,0,0,0,0,0,0,0,0,0,0,0,"14,151","703,648"
401001,STARPOINT,1,0,0,0,"1,233,944",0,0,0,0,0,"79,900","23,970",0,0.699,0,0,"117,576","93,943",0,0,0,0,0,0,0,0,0,0,"103,039"
401201,ROYALTON HARTL,1,0,0,0,"1,287,859",0,"21,897",0,0,0,"86,500","30,275",0,0.765,0,0,0,0,0,0,0,0,0,0,0,0,"21,897",0,"235,232"
401301,BARKER,1,0,0,0,"496,750",0,"12,560","12,560",0,0,"81,900",0,"65,000",0.719,"46,735",0,"92,018","75,363",0,0,0,0,0,0,0,0,"25,120","92,518","107,223"
401501,WILSON,1,0,0,0,"1,144,833",0,0,0,0,0,"179,194",0,0,0.725,0,0,0,0,0,0,0,0,0,0,0,0,0,0,"261,370"
410401,ADIRONDACK,1,0,0,0,"2,731,952",0,0,0,0,0,"84,900",0,0,0.749,0,0,"28,176","23,921",0,0,0,"770,162",0,0,"102,625",0,0,0,"300,171"
410601,CAMDEN,1,0,0,0,"5,097,099",0,0,0,0,0,"93,100","17,840","100,000",0.831,"83,100",0,"1,479,962","1,377,845",0,0,0,0,0,0,0,0,0,"66,895","540,299"
411101,CLINTON,1,0,0,0,"2,090,337",0,"8,551",0,0,0,0,0,0,0.732,0,0,"16,489","13,719",0,0,0,0,0,0,0,0,"8,551","26,594",0
411501,NEW HARTFORD,1,0,0,0,"844,558",0,0,0,0,0,"81,500","28,525",0,0.715,0,0,"441,270","359,635",0,0,0,0,0,0,0,0,0,0,0
411504,NEW YORK MILLS,1,0,0,0,"608,385",0,0,0,0,0,"77,000",0,"24,930",0.670,"16,703",0,0,0,0,0,0,0,0,0,0,0,0,0,0
411603,SAUQUOIT VALLE,1,0,0,0,"1,744,002",0,0,0,0,0,0,0,0,0.776,0,0,"742,100","650,080",0,0,0,"120,192",0,0,"8,894",0,0,0,"210,953"
411701,REMSEN,1,0,0,0,"705,143",0,0,0,0,0,0,0,0,0.735,0,0,0,0,0,0,0,0,0,0,0,0,0,0,"61,587"
411800,ROME,1,0,0,0,"7,535,117",0,0,0,0,0,0,0,"400,000",0.872,"348,800",0,"254,856","247,720",0,0,0,0,0,0,0,0,0,0,"2,507,205"
411902,WATERVILLE,1,0,0,0,"1,910,433",0,0,0,0,0,0,0,0,0.797,0,0,"52,788","47,351",0,0,0,"585,129",0,0,"31,013",0,0,0,"280,420"
412000,SHERRILL,1,0,0,0,"2,112,761",0,0,0,0,0,"88,500",0,0,0.785,0,0,0,0,0,0,0,0,0,0,0,0,0,0,"423,707"
412201,HOLLAND PATENT,1,0,0,0,"1,828,481",0,0,0,0,0,"83,900",0,0,0.739,0,0,0,0,0,0,0,0,0,0,0,0,0,0,"339,252"
412300,UTICA,1,0,0,0,"15,777,461",0,"21,262",0,0,0,0,0,"100,000",0.938,"93,800",0,0,0,0,0,0,0,0,0,0,0,"21,262",0,"3,010,254"
412801,WESTMORELAND,1,0,0,"485,243","760,070",0,0,0,0,"30,610","86,300",0,0,0.763,0,0,"3,546","3,060",0,0,0,0,0,0,0,0,0,0,"251,224"
412901,ORISKANY,1,0,0,0,"602,612",0,0,0,0,0,0,"7,930",0,0.693,0,0,"951,083","754,209",0,0,0,0,0,0,0,0,0,0,"64,872"
412902,WHITESBORO,1,0,0,0,"6,607,106",287,0,0,0,0,"84,500",0,0,0.745,0,0,0,0,0,0,0,0,0,0,0,0,0,0,0
420101,WEST GENESEE,1,0,0,"296,019","2,843,822",0,0,0,0,"8,693","84,900",0,0,0.749,0,0,"1,209,764","1,027,090",0,0,0,0,0,0,0,0,0,0,"288,553"
420303,NORTH SYRACUSE,1,0,0,0,"2,920,220",0,0,0,0,0,"84,800","29,680",0,0.748,0,0,"1,703,457","1,444,532",0,0,0,0,0,0,0,0,0,0,"1,352,815"
420401,E SYRACUSE-MIN,1,0,0,0,"5,094,019",0,0,0,0,0,"77,100",0,0,0.671,0,0,0,0,0,0,0,0,0,0,0,0,0,0,"560,416"
420411,JAMESVILLE-DEW,1,0,0,0,"3,863,917",0,0,0,0,0,"76,300","26,705","69,922",0.663,"46,358",0,"102,364","78,104",0,0,0,0,0,0,0,0,0,0,"215,998"
420501,JORDAN ELBRIDG,1,0,0,0,"2,418,768",0,0,0,0,0,"85,100","29,712",0,0.751,0,0,0,0,0,0,0,0,0,0,0,0,0,0,"528,652"
420601,FABIUS-POMPEY,1,0,0,0,"752,330",0,0,0,0,0,"82,100",0,"28,100",0.721,"20,260",0,0,0,0,0,0,0,0,0,0,0,0,0,"78,432"
420701,WESTHILL,1,0,0,0,"4,261,168",0,0,0,0,0,"86,500",0,0,0.765,0,0,"77,136","66,723",0,0,0,0,0,0,0,0,0,0,"30,227"
420702,SOLVAY,1,0,0,0,"2,570,695",0,0,0,0,0,"86,400",0,0,0.764,0,0,0,0,0,0,0,0,0,0,0,0,0,"12,095","449,910"
420807,LA FAYETTE,1,0,0,0,"2,155,038",0,"10,866",0,0,0,"831,242","30,450",0,0.770,0,0,0,0,0,0,0,0,0,0,0,0,"10,866",0,"131,592"
420901,BALDWINSVILLE,1,0,0,0,"5,165,966",0,"7,103",0,0,0,"86,000","30,088","229,000",0.760,"174,040",0,"209,268","179,970",0,0,0,0,0,0,0,0,"7,103",0,"493,208"
421001,FAYETTEVILLE,1,0,0,0,"4,405,305",0,"6,722",0,0,0,"97,363","28,315","40,000",0.709,"28,360",0,"232,978","188,479",0,0,0,0,0,0,0,0,"6,722","14,355","172,799"
421101,MARCELLUS,1,0,0,0,"2,095,885",0,0,0,0,0,0,"27,195",0,0.677,0,0,"1,708,556","1,327,548",0,0,0,0,0,0,0,0,0,0,"170,984"
421201,ONONDAGA,1,0,0,0,"2,493,572",0,"282,198",0,0,0,0,"29,390",0,0.740,0,0,0,0,0,0,0,0,0,0,0,0,"282,198",0,"244,148"
421501,LIVERPOOL,1,0,0,0,"8,952,945",0,0,0,0,0,"84,300","29,505","100,000",0.743,"74,300",0,"280,296","236,290",0,0,0,0,0,0,0,0,0,0,"1,253,362"
421504,LYNCOURT,1,0,0,0,"1,065,038",0,0,0,0,0,"93,000",0,0,0.830,0,0,0,0,0,0,0,0,0,0,0,0,0,0,"214,084"
421601,SKANEATELES,1,0,0,0,"2,530,945",0,0,0,0,0,"62,900","8,680",0,0.529,0,0,"2,120,037","1,333,503",0,0,0,0,0,0,0,0,0,"75,719",0
421800,SYRACUSE,1,1,0,0,"34,872,575",0,0,0,0,0,0,"33,740",0,0.907,0,0,0,0,0,0,0,0,0,0,0,0,0,0,"13,869,891"
421902,TULLY,1,0,0,0,"1,661,542",0,0,0,0,0,0,0,"33,072",0.659,"21,794",0,0,0,0,0,0,0,0,0,0,0,0,0,"99,660"
430300,CANANDAIGUA,1,0,0,0,"3,997,130",0,0,0,0,0,"73,200",0,0,0.632,0,0,"1,729,490","1,265,987",0,0,0,0,0,0,0,0,0,"2,022","477,502"
430501,EAST BLOOMFIEL,1,0,0,0,"2,215,643",0,0,0,0,0,0,"27,195","13,721",0.677,"9,289",0,0,0,0,0,0,0,0,0,0,0,0,0,"201,838"
430700,GENEVA,1,0,0,0,"4,391,514",0,0,0,0,0,0,0,"35,000",0.792,"27,720",0,"2,420,736","2,159,297",0,0,0,"830,158",0,0,"75,480",0,0,0,"957,358"
430901,GORHAM-MIDDLES,1,0,0,0,"2,663,084",0,0,0,0,0,"71,800",0,0,0.618,0,0,0,0,0,0,0,"429,865",0,0,"76,734",0,0,0,"321,383"
431101,MANCHSTR-SHRTS,1,0,0,0,"1,972,964",0,0,0,0,0,"88,100","30,835",0,0.781,0,0,0,0,0,0,0,0,0,0,0,0,0,0,"60,164"
431201,NAPLES,1,0,0,0,"1,409,871",0,"1,703",0,0,0,"63,700","15,680","20,000",0.537,"10,740",0,"1,348,162","858,779",0,0,0,0,0,0,0,0,"1,703",0,"57,241"
431301,PHELPS-CLIFTON,1,0,0,0,"3,328,085",0,0,0,0,0,0,0,"31,000",0.777,"24,087",0,"51,240","44,937",0,0,0,"1,384,774",0,0,"34,620",0,0,0,"534,324"
431401,HONEOYE,1,0,0,0,"308,115",0,0,0,0,0,"64,300","7,856","6,500",0.543,"3,530",0,0,0,0,0,0,0,0,0,0,0,0,0,"80,999"
431701,VICTOR,1,0,0,0,"4,549,354",0,0,0,0,0,0,"18,775",0,0.651,0,0,"273,180","205,158",0,0,0,0,0,0,0,0,0,0,"377,999"
440102,WASHINGTONVILL,1,0,0,0,"3,735,267",0,0,0,0,0,"76,700","26,845",0,0.667,0,0,"321,244","246,394",0,0,0,0,0,0,0,0,0,"6,281","598,239"
440201,CHESTER,1,0,0,0,"1,169,924",0,0,0,0,0,"154,101",0,"37,500",0.573,"21,488",0,0,0,0,0,0,0,0,0,0,0,0,0,0
440301,CORNWALL,1,0,0,0,"2,431,502","12,117",0,0,0,0,0,"25,476",0,0.672,0,0,"610,028","470,942",0,0,0,0,0,0,0,0,0,"14,672","126,666"
440401,PINE BUSH,1,0,0,0,"3,788,352",0,0,0,0,0,0,"28,245","99,830",0.707,"70,580",0,"2,595,654","2,094,693",0,0,0,0,0,0,0,0,0,0,"939,367"
440601,GOSHEN,1,0,0,0,"1,949,786",0,"21,180",0,0,0,"112,118","24,045",0,0.587,0,0,"308,698","212,076",0,0,0,0,0,0,0,0,"21,180",0,0
440901,HIGHLAND FALLS,1,0,0,0,"1,249,688",0,0,0,0,0,"83,500",0,0,0.735,0,0,0,0,0,0,0,0,0,0,0,0,0,0,"208,607"
441000,MIDDLETOWN,1,0,0,"287,429","9,958,612",0,"139,118",0,0,"22,653","89,900",0,"183,400",0.799,"146,537",0,"707,417","635,968",0,0,0,0,0,0,0,0,"139,118",0,"2,603,748"
441101,MINISINK VALLE,1,0,0,0,"4,020,423",0,0,0,0,0,0,0,"43,000",0.694,"29,842",0,"1,058,928","840,789",0,0,0,"4,714,912",0,0,"735,528",0,0,0,"898,837"
441201,MONROE WOODBUR,1,0,0,"2,074,062","1,108,860",0,0,0,0,0,0,"11,869",0,0.633,0,0,0,0,0,0,"3,166,507",0,0,"518,515",0,0,0,0,0
441202,KIRYAS JOEL,1,1,0,0,0,0,0,0,0,0,0,0,0,0.000,0,0,0,0,0,0,0,0,0,0,0,0,0,0,"1,595,234"
441301,VALLEY-MONTGMR,1,0,0,0,"2,855,270",0,0,0,0,0,"146,800",0,0,0.634,0,0,"18,724","13,743",0,0,0,0,0,0,0,0,0,"7,115","439,268"
441600,NEWBURGH,1,0,0,0,"6,339,137",0,0,0,0,0,0,0,0,0.789,0,0,"1,502,994","1,336,162",0,0,0,0,0,0,0,0,0,0,"2,853,331"
441800,PORT JERVIS,1,0,0,0,"2,744,812",0,"19,158","9,579",0,0,0,0,0,0.806,0,0,"2,747,590","2,489,317",0,0,0,0,0,0,0,0,"28,737",0,"984,767"
441903,TUXEDO,1,0,0,0,"4,386",0,0,0,0,0,0,0,0,0.000,0,0,"171,744","17,174",0,0,0,0,0,0,0,0,0,0,"108,000"
442101,WARWICK VALLEY,1,0,0,0,"2,208,321",0,0,0,0,0,"136,200",0,"45,000",0.581,"26,145",0,"915,480","623,442",0,0,0,0,0,0,0,0,0,0,"296,999"
442111,GREENWOOD LAKE,1,0,0,0,"451,373",0,0,0,0,0,0,0,0,0.467,0,0,0,0,0,0,0,0,0,0,0,0,0,0,0
442115,FLORIDA,1,0,0,0,"1,099,281",0,0,0,0,0,"66,300","23,205",0,0.563,0,0,0,0,0,0,0,0,0,0,0,0,0,0,"113,343"
450101,ALBION,1,0,0,0,"1,060,667",0,0,0,0,0,"94,900","27,208",0,0.849,0,0,"3,523,230","3,343,545",0,0,0,0,0,0,0,0,0,0,"603,305"
450607,KENDALL,1,0,0,0,"2,653,418",0,0,0,0,0,0,0,0,0.760,0,0,0,0,0,0,0,0,0,0,0,0,0,0,"236,223"
450704,HOLLEY,1,0,0,0,"2,768,477",0,0,0,0,0,"90,800","31,780",0,0.808,0,0,0,0,0,0,0,0,0,0,0,0,0,0,"217,993"
450801,MEDINA,1,0,0,0,"2,643,095",0,0,0,0,0,0,0,0,0.874,0,0,0,0,0,0,0,0,0,0,0,0,0,0,"504,271"
451001,LYNDONVILLE,1,0,0,0,"1,434,510",0,0,0,0,0,"83,900","113,382",0,0.739,0,0,0,0,0,0,0,0,0,0,0,0,0,0,"556,199"
460102,ALTMAR PARISH,1,0,0,0,"2,844,310",0,0,0,0,0,0,0,0,0.795,0,0,"2,288,669","2,048,359",0,0,0,0,0,0,0,0,0,0,"454,727"
460500,FULTON,1,0,0,0,"3,985,852",0,0,0,0,0,0,0,"111,301",0.898,"99,948",0,"857,292","840,146",0,0,0,0,0,0,0,0,0,0,"952,177"
460701,HANNIBAL,1,0,0,0,"4,428,996",0,0,0,0,0,"98,000","33,460",0,0.898,0,0,0,0,0,0,0,0,0,0,0,0,0,0,"243,526"
460801,CENTRAL SQUARE,1,0,0,0,"3,687,968",0,0,0,0,0,"86,300",0,0,0.763,0,0,"759,888","655,783",0,0,0,0,0,0,0,0,0,0,"431,058"
460901,MEXICO,1,0,0,0,"3,329,616",0,0,0,0,0,0,0,"50,000",0.777,"38,850",0,"23,126","20,282",0,0,0,0,0,0,0,0,0,0,"605,774"
461300,OSWEGO,1,0,0,0,"6,986,464",0,0,0,0,0,0,0,0,0.786,0,0,"1,010,236","895,069",0,0,0,0,0,0,0,0,0,"2,555,275","510,411"
461801,PULASKI,1,0,0,0,"2,299,294",0,0,0,0,0,"94,400","31,640",0,0.844,0,0,0,0,0,0,0,0,0,0,0,0,0,0,"204,691"
461901,SANDY CREEK,1,0,0,0,"1,699,298",0,0,0,0,0,"83,200","27,685",0,0.732,0,0,"392,790","326,801",0,0,0,0,0,0,0,0,0,0,"155,357"
462001,PHOENIX,1,0,0,0,"6,190,198",0,0,0,0,0,"88,900",0,0,0.789,0,0,"338,996","301,367",0,0,0,0,0,0,0,0,0,0,"434,621"
470202,GLBTSVLLE-MT U,1,0,0,0,"924,525",0,0,0,0,0,"85,600",0,0,0.756,0,0,0,0,0,0,0,"783,832",0,0,"97,195",0,0,0,0
470501,EDMESTON,1,0,0,0,"697,682",0,0,0,0,0,0,0,0,0.754,0,0,"39,205","33,481",0,0,0,0,0,0,0,0,0,0,"66,750"
470801,LAURENS,1,0,0,0,"1,326,547",0,0,0,0,0,"85,700","28,315",0,0.757,0,0,"258,424","221,469",0,0,0,0,0,0,0,0,0,0,0
470901,SCHENEVUS,1,0,0,0,"709,208",0,0,0,0,0,"83,900",0,0,0.739,0,0,0,0,0,0,0,0,0,0,0,0,0,0,"65,489"
471101,MILFORD,1,0,0,0,"394,703",0,0,0,0,0,"79,000",710,0,0.690,0,0,0,0,0,0,0,0,0,0,0,0,0,0,"59,175"
471201,MORRIS,1,0,0,0,"332,285",0,"1,352",0,0,0,"84,600",0,"20,000",0.746,"14,920",0,0,0,0,0,0,0,0,0,0,0,"1,352",0,"90,166"
471400,ONEONTA,1,0,0,"71,907","1,643,495",0,0,0,0,"9,120",0,0,"39,160",0.673,"26,355",0,"28,749","22,223",0,0,0,0,0,0,0,0,0,0,"275,287"
471601,OTEGO-UNADILLA,1,0,0,0,"1,193,318",0,0,0,0,0,0,0,"49,500",0.791,"39,155",0,"1,122,704","1,000,329",0,0,0,0,0,0,0,0,0,0,"188,014"
471701,COOPERSTOWN,1,0,0,0,"818,892",0,0,0,0,0,"71,800","8,127",0,0.618,0,0,"1,334",958,0,0,0,0,0,0,0,0,0,0,0
472001,RICHFIELD SPRI,1,0,0,0,"481,427",0,0,0,0,0,0,"24,360",0,0.721,0,0,0,0,0,0,0,0,0,0,0,0,0,0,"78,810"
472202,CHERRY VLY-SPR,1,0,0,0,"823,041",0,0,0,0,0,"128,346",0,0,0.715,0,0,"95,856","78,123",0,0,0,"729,662",0,0,"120,395",0,0,0,"71,973"
472506,WORCESTER,1,0,0,0,"2,122,883",0,0,0,0,0,0,0,0,0.757,0,0,0,0,0,0,0,0,0,0,0,0,0,0,"76,781"
480101,MAHOPAC,1,0,0,0,"2,156,882",0,0,0,0,0,0,0,0,0.506,0,0,"3,024,189","1,832,659",0,0,0,0,0,0,0,0,0,0,0
480102,CARMEL,1,0,0,0,"2,854,125",0,"168,541","84,271",0,0,0,0,"38,640",0.524,"20,247",0,0,0,0,0,0,0,0,0,0,0,"252,812",0,0
480401,HALDANE,1,0,0,0,"358,832",0,0,0,0,0,0,0,0,0.254,0,0,"202,860","71,812",0,0,0,0,0,0,0,0,0,0,0
480404,GARRISON,1,0,0,0,"68,164",0,0,0,0,0,0,0,0,0.000,0,0,0,0,0,0,0,0,0,0,0,0,0,0,"86,400"
480503,PUTNAM VALLEY,1,0,0,"674,366","986,097","2,523",0,0,0,0,0,0,0,0.532,0,0,"205,836","130,088",0,0,0,0,0,0,0,0,0,0,0
480601,BREWSTER,1,0,0,0,"2,629,208",0,0,0,0,0,0,"19,197",0,0.451,0,0,0,0,0,0,0,0,0,0,0,0,0,0,"44,117"
490101,BERLIN,1,0,0,0,"1,455,795",0,0,0,0,0,0,0,"14,145",0.654,"9,251",0,0,0,0,0,0,0,0,0,0,0,0,0,"198,151"
490202,BRUNSWICK CENT,1,0,0,0,"669,302",0,0,0,0,0,"78,400",0,0,0.684,0,0,"1,124,086","881,283",0,0,0,0,0,0,0,0,0,0,"99,826"
490301,EAST GREENBUSH,1,0,0,0,"4,122,264",0,"46,939",0,0,0,0,0,0,0.621,0,0,0,0,0,0,0,0,0,0,0,0,"46,939",0,0
490501,HOOSICK FALLS,1,0,0,0,"877,980",0,"816,364",0,0,0,0,0,0,0.759,0,0,0,0,0,0,0,0,0,0,0,0,"816,364",0,"343,862"
490601,LANSINGBURGH,1,0,0,0,"2,435,134",0,0,0,0,0,0,0,0,0.827,0,0,"1,029,124","953,998",0,0,0,0,0,0,0,0,0,"35,669","508,851"
490804,WYNANTSKILL,1,0,0,0,"306,925",0,0,0,0,0,0,0,0,0.624,0,0,0,0,0,0,0,0,0,0,0,0,0,0,0
491200,RENSSELAER,1,0,"44,735",0,"2,107,970",0,0,0,0,0,"85,700",0,"13,225",0.757,"10,011",0,0,0,0,0,0,0,0,0,0,0,0,0,"336,745"
491302,AVERILL PARK,1,0,0,0,"998,972",0,"5,189",0,0,0,"77,900",0,"62,852",0.679,"42,677",0,"1,678,971","1,307,918",0,0,0,"1,844",0,0,316,0,"5,189",0,0
491401,HOOSIC VALLEY,1,0,0,"103,309","166,128","2,529",0,0,0,"8,039",0,"7,890",0,0.710,0,0,"153,586","124,405",0,0,0,0,0,0,0,0,0,0,"231,862"
491501,SCHODACK,1,0,0,0,"1,793,952",0,0,0,0,0,"76,600",0,"60,000",0.666,"39,960",0,0,0,0,0,0,0,0,0,0,0,0,0,0
491700,TROY,1,0,0,0,"5,989,741",0,0,0,0,0,"901,000","30,205",0,0.801,0,0,"3,803,560","3,427,008",0,0,0,0,0,0,0,0,0,0,"2,281,736"
500101,CLARKSTOWN,1,0,0,0,"1,860,458",0,0,0,0,0,0,0,0,0.468,0,0,"1,112,320","631,798",0,0,0,0,0,0,0,0,0,0,"1,002,270"
500108,NANUET,1,0,0,0,"1,608,031",0,"26,741",0,0,0,0,0,0,0.518,0,0,"2,648,081","1,636,514",0,0,0,0,0,0,0,0,"26,741",0,"227,752"
500201,HAVERSTRAW-ST,1,0,0,0,"3,907,084",0,0,0,0,0,"79,000","27,650","50,000",0.690,"34,500",0,"1,131,036","893,518",0,0,0,0,0,0,0,0,0,0,"1,099,176"
500301,S. ORANGETOWN,1,0,0,0,"1,070,808",0,0,0,0,0,0,"14,035",0,0.301,0,0,"379,942","152,357",0,0,0,0,0,0,0,0,0,0,"224,101"
500304,NYACK,1,0,0,0,"1,650,042",0,0,0,0,0,0,0,"85,000",0.448,"38,080",0,"618,262","338,808",0,0,0,0,0,0,0,0,0,0,"313,419"
500308,PEARL RIVER,1,0,0,0,"1,458,648",0,0,0,0,0,0,0,0,0.437,0,0,0,0,0,0,0,0,0,0,0,0,0,0,"258,158"
500401,SUFFERN,1,0,0,0,"809,552",0,0,0,0,0,0,"17,850",0,0.410,0,0,"65,864","33,591",0,0,0,0,0,0,0,0,0,0,"526,497"
500402,EAST RAMAPO,1,1,0,0,"1,910,382",0,0,0,0,0,0,0,0,0.462,0,0,"645,284","362,650",0,0,0,0,0,0,0,0,0,0,"11,067,622"
510101,BRASHER FALLS,1,0,0,0,"2,389,239",0,0,0,0,0,"98,000",0,0,0.909,0,0,0,0,0,0,0,0,0,0,0,0,0,0,"365,800"
510201,CANTON,1,0,0,0,"1,809,031",0,0,0,0,0,"114,660","27,196","18,000",0.782,"14,076",0,"5,090,385","4,489,720",0,0,0,0,0,0,0,0,0,0,"244,845"
510401,CLIFTON FINE,1,0,0,0,"586,132",0,0,0,0,0,"71,600",596,0,0.616,0,0,0,0,0,0,0,0,0,0,0,0,0,0,"103,120"
510501,COLTON PIERREP,1,0,0,0,"127,108",0,0,0,0,0,"47,000","14,070","8,000",0.370,"2,960",0,0,0,0,0,0,0,0,0,0,0,0,0,"54,000"
511101,GOUVERNEUR,1,0,0,0,"2,785,503",0,0,0,0,0,0,0,0,0.869,0,0,"124,208","120,358",0,0,0,0,0,0,0,0,0,0,"806,750"
511201,HAMMOND,1,0,0,0,"88,786",0,0,0,0,0,"75,300",0,0,0.653,0,0,0,0,0,0,0,0,0,0,0,0,0,0,"72,000"
511301,HERMON DEKALB,1,0,0,0,"1,092,731",0,0,0,0,0,0,0,0,0.831,0,0,0,0,0,0,0,0,0,0,0,0,0,0,"103,377"
511602,LISBON,1,0,0,0,"1,137,005",0,0,0,0,0,0,0,0,0.853,0,0,0,0,0,0,0,0,0,0,0,0,0,0,"136,375"
511901,MADRID WADDING,1,0,0,0,"711,338",0,0,0,0,0,"92,600",0,0,0.826,0,0,0,0,0,0,0,0,0,0,0,0,0,0,"99,542"
512001,MASSENA,1,0,0,0,"3,056,044","1,668",0,0,0,0,"97,400",0,0,0.874,0,0,"1,989,788","1,938,054",0,0,0,0,0,0,0,0,0,0,"665,039"
512101,MORRISTOWN,1,0,0,0,"372,583",0,0,0,0,0,"79,900",0,0,0.699,0,0,0,0,0,0,0,0,0,0,0,0,0,0,"177,963"
512201,NORWOOD NORFOL,1,0,0,0,"2,178,636",0,0,0,0,0,0,0,0,0.903,0,0,0,0,0,0,0,0,0,0,0,0,0,0,"491,302"
512300,OGDENSBURG,1,0,0,0,"4,165,139",0,0,0,0,0,"2,940,000","33,950",0,0.913,0,0,"180,762","177,147",0,0,0,"64,894",0,0,1,0,0,0,"551,880"
512404,HEUVELTON,1,0,0,0,"1,505,936",0,0,0,0,0,"96,200",0,"10,895",0.862,"9,391",0,0,0,0,0,0,0,0,0,0,0,0,0,"99,852"
512501,PARISHVILLE,1,0,0,0,"351,711",0,0,0,0,0,"82,200","29,200",0,0.722,0,0,0,0,0,0,0,0,0,0,0,0,0,0,"82,911"
512902,POTSDAM,1,0,0,0,"1,228,386",0,0,0,0,0,"85,600",0,"15,000",0.756,"11,340",0,"2,931,885","2,509,694",0,0,0,0,0,0,0,0,0,0,"290,061"
513102,EDWARDS-KNOX,1,0,0,0,"1,360,252",0,0,0,0,0,"93,000","3,564","23,000",0.830,"19,090",0,0,0,0,0,0,"384,348",0,0,"17,911",0,0,"33,681","294,152"
520101,BURNT HILLS,1,0,0,0,"4,697,834",0,0,0,0,0,"78,300","23,490",0,0.683,0,0,0,0,0,0,0,0,0,0,0,0,0,0,0
520302,SHENENDEHOWA,1,0,0,0,"3,590,050",0,0,0,0,0,0,"24,360",0,0.596,0,0,"1,972,630","1,372,950",0,0,0,0,0,0,0,0,0,0,0
520401,CORINTH,1,0,0,0,"1,858,741",0,0,0,0,0,"78,600","26,250",0,0.686,0,0,0,0,0,0,0,0,0,0,0,0,0,"39,145","436,192"
520601,EDINBURG,1,0,0,0,0,0,0,0,0,0,0,0,0,0.229,0,0,0,0,0,0,0,0,0,0,0,0,0,0,0
520701,GALWAY,1,0,0,0,"2,043,622",0,0,0,0,0,"78,700",0,0,0.687,0,0,"43,392","34,150",0,0,0,0,0,0,0,0,0,0,"159,666"
521200,MECHANICVILLE,1,0,0,"1,124,396","1,431,190",0,0,0,0,0,0,0,0,0.681,0,0,0,0,0,0,0,0,0,0,0,0,0,0,0
521301,BALLSTON SPA,1,0,0,0,"4,026,994",0,0,0,0,0,0,0,0,0.649,0,0,"249,004","186,504",0,0,0,0,0,0,0,0,0,0,"758,163"
521401,S. GLENS FALLS,1,1,0,0,"3,417,529",0,0,0,0,0,"79,500",0,"49,775",0.695,"34,594",0,0,0,0,0,0,0,0,0,0,0,0,0,"725,384"
521701,SCHUYLERVILLE,1,0,0,0,"2,676,891",0,0,0,0,0,0,0,0,0.714,0,0,0,0,0,0,0,0,0,0,0,0,0,0,0
521800,SARATOGA SPRIN,1,0,0,0,"1,986,638",0,0,0,0,0,0,0,0,0.605,0,0,"5,615,451","3,958,893",0,0,0,0,0,0,0,0,0,0,"604,960"
522001,STILLWATER,1,0,0,0,"1,947,618",0,0,0,0,0,"83,900",0,0,0.739,0,0,0,0,0,0,0,0,0,0,0,0,0,0,"174,000"
522101,WATERFORD,1,0,0,0,"1,257,421",0,0,0,0,0,"72,400",0,0,0.624,0,0,"426,640","308,887",0,0,0,0,0,0,0,0,0,0,"90,880"
530101,DUANESBURG,1,0,0,0,"1,187,555",0,0,0,0,0,0,0,0,0.698,0,0,"111,828","89,239",0,0,0,0,0,0,0,0,0,0,"146,640"
530202,SCOTIA GLENVIL,1,0,0,0,"3,574,502",0,0,0,0,0,"76,800",0,0,0.668,0,0,"7,380","5,668",0,0,0,0,0,0,0,0,0,0,0
530301,NISKAYUNA,1,0,0,0,"2,090,272",0,0,0,0,0,0,0,0,0.687,0,0,"4,609,575","3,627,736",0,0,0,0,0,0,0,0,0,"119,257",0
530501,SCHALMONT,1,0,0,0,"1,384,368",0,0,0,0,0,0,0,0,0.604,0,0,"446,526","314,354",0,0,0,0,0,0,0,0,0,0,0
530515,MOHONASEN,1,0,0,0,"3,665,100",0,0,0,0,0,0,"28,735",0,0.721,0,0,"110,026","90,331",0,0,0,"1,332,028",0,0,"171,833",0,0,0,0
530600,SCHENECTADY,1,0,"206,331",0,"13,776,239",0,"195,010","195,010",0,0,"98,000","33,110",0,0.888,0,0,"614,952","602,653",0,0,0,0,0,0,0,0,"390,020","449,673","4,438,112"
540801,GILBOA CONESVI,1,0,0,0,"169,207",0,0,0,0,0,"2,145",0,0,0.374,0,0,0,0,0,0,0,0,0,0,0,0,0,0,"22,500"
540901,JEFFERSON,1,0,0,0,"525,939",0,0,0,0,0,0,0,0,0.632,0,0,0,0,0,0,0,0,0,0,0,0,0,0,0
541001,MIDDLEBURGH,1,0,0,0,"1,312,807",0,0,0,0,0,"79,800",0,0,0.698,0,0,0,0,0,0,0,0,0,0,0,0,0,0,"243,236"
541102,COBLESKL-RICHM,1,0,0,"640,548",0,0,0,0,0,"42,685",0,0,0,0.725,0,0,"1,950,246","1,608,953",0,0,"779,627",0,0,"97,454",0,0,0,0,"406,557"
541201,SCHOHARIE,1,0,0,0,"1,822,291",0,0,0,0,0,"84,000","15,960",0,0.740,0,0,"518,252","435,332",0,0,0,0,0,0,0,0,0,0,"372,000"
541401,SHARON SPRINGS,1,0,0,0,"530,654",0,"6,365",0,0,0,"86,800",0,"24,625",0.768,"18,912",0,"396,696","344,332",0,0,0,0,0,0,0,0,"6,365",0,"41,716"
550101,ODESSA MONTOUR,1,0,0,0,"1,732,143",0,0,0,0,0,"89,200","25,560",0,0.792,0,0,"439,362","391,911",0,0,0,0,0,0,0,0,0,0,"520,017"
550301,WATKINS GLEN,1,0,0,0,"2,367,218",0,0,0,0,0,0,0,"92,295",0.709,"65,437",0,0,0,0,0,0,0,0,0,0,0,0,0,"170,123"
560501,SOUTH SENECA,1,0,0,0,"677,231",0,0,0,0,0,"81,500","20,125",0,0.715,0,0,0,0,0,0,0,"110,264",0,0,"18,194",0,0,"5,532","264,261"
560603,ROMULUS,1,0,0,0,"1,116,260",0,0,0,0,0,0,0,0,0.674,0,0,0,0,0,0,0,0,0,0,0,0,0,0,"100,904"
560701,SENECA FALLS,1,0,0,0,"2,386,376",0,0,0,0,0,0,0,0,0.763,0,0,"12,602","10,876",0,0,0,0,0,0,0,0,0,0,"270,849"
561006,WATERLOO CENT,1,0,0,0,"3,772,011",0,0,0,0,0,0,0,0,0.787,0,0,"81,200","72,024",0,0,0,"1,304,948",0,0,"130,261",0,0,0,"447,547"
570101,ADDISON,1,0,0,0,"3,015,886",0,0,0,0,0,"93,000","31,185",0,0.830,0,0,"1,048,126","974,757",0,0,0,0,0,0,0,0,0,0,"798,987"
570201,AVOCA,1,0,0,0,"1,015,349",0,0,0,0,0,"90,000","29,645",0,0.800,0,0,0,0,0,0,0,0,0,0,0,0,0,0,"95,540"
570302,BATH,1,0,0,"67,975","4,290,044",0,"63,540",0,0,0,"95,000","27,300",0,0.850,0,0,"119,480","113,506",0,0,0,0,0,0,0,0,"63,540",0,"1,283,076"
570401,BRADFORD,1,0,0,0,"1,016,507",0,0,0,0,0,0,"25,696",0,0.801,0,0,"99,519","89,667",0,0,0,0,0,0,0,0,0,0,"92,498"
570603,CAMPBELL-SAVON,1,0,0,0,"3,233,091",0,0,0,0,0,"94,200",0,0,0.842,0,0,"1,273,928","1,200,040",0,0,0,"599,734",0,0,"22,790",0,0,0,"308,801"
571000,CORNING,1,0,0,0,"12,207,822",0,0,0,0,0,"83,300","29,155",0,0.733,0,0,"2,492,747","2,076,458",0,0,0,0,0,0,0,0,0,0,"445,837"
571502,CANISTEO-GREEN,1,0,0,0,"1,910,753",0,0,0,0,0,"96,800",0,0,0.868,0,0,0,0,0,0,0,"627,534",0,0,"7,531",0,0,0,"406,940"
571800,HORNELL,1,0,0,0,"5,630,969",0,0,0,0,0,"1,270,100",0,0,0.877,0,0,"76,059","74,310",0,0,0,0,0,0,0,0,0,0,"808,367"
571901,ARKPORT,1,0,0,0,"1,916,398",0,0,0,0,0,"85,000","28,645",0,0.750,0,0,0,0,0,0,0,0,0,0,0,0,0,0,"70,696"
572301,PRATTSBURG,1,0,0,0,"1,052,996",0,0,0,0,0,"88,100",0,0,0.781,0,0,0,0,0,0,0,0,0,0,0,0,0,0,"104,296"
572702,JASPER-TRPSBRG,1,0,0,0,"704,810",0,0,0,0,0,"91,200",0,0,0.812,0,0,0,0,0,0,0,"392,262",0,0,"26,675",0,0,0,"115,966"
572901,HAMMONDSPORT,1,0,0,0,"847,445",0,0,0,0,0,"56,700",0,"14,891",0.467,"6,954",0,0,0,0,0,0,0,0,0,0,0,0,0,"54,000"
573002,WAYLAND-COHOCT,1,0,0,0,"2,435,297",0,"105,456",0,0,0,"90,300",0,"50,000",0.803,"40,150",0,"68,062","61,460",0,0,0,0,0,0,0,0,"105,456",0,"463,172"
580101,BABYLON,1,0,0,0,"1,116,057",0,0,0,0,0,0,0,0,0.363,0,0,0,0,0,0,0,0,0,0,0,0,0,0,"226,801"
580102,WEST BABYLON,1,0,0,0,"1,712,586",0,0,0,0,0,0,"21,315",0,0.546,0,0,"351,554","227,104",0,0,0,0,0,0,0,0,0,0,"423,996"
580103,NORTH BABYLON,1,0,0,0,"4,338,202",0,0,0,0,0,0,0,0,0.642,0,0,"890,804","660,977",0,0,0,0,0,0,0,0,0,0,"486,629"
580104,LINDENHURST,1,0,0,0,"2,329,901",0,0,0,0,0,0,0,0,0.593,0,0,"637,116","441,521",0,0,0,0,0,0,0,0,0,0,"1,206,775"
580105,COPIAGUE,1,0,0,0,"2,684,973",0,"32,421","32,421",0,0,0,0,0,0.686,0,0,"72,404","56,910",0,0,0,0,0,0,0,0,"64,842",0,"1,669,807"
580106,AMITYVILLE,1,0,0,0,"2,814,649","2,443",0,0,0,0,0,0,0,0.509,0,0,0,0,0,0,0,0,0,0,0,0,0,0,"582,496"
580107,DEER PARK,1,0,0,0,"1,534,267",0,"12,538","6,269",0,0,"37,920",0,0,0.532,0,0,0,0,0,0,0,0,0,0,0,0,"18,807","609,826","507,229"
580109,WYANDANCH,0,0,0,"334,842","1,986,157",0,0,0,0,0,0,0,0,0.874,0,0,"50,604","49,288",0,0,0,0,0,0,0,0,0,0,"833,013"
580201,THREE VILLAGE,1,0,0,0,"7,930,316",0,0,0,0,0,"940,500",0,0,0.560,0,0,"322,470","212,830",0,0,0,"4,799,608",0,0,"791,935",0,0,"813,291",0
580203,COMSEWOGUE,1,0,0,0,"2,173,482",0,0,0,0,0,0,"17,675",0,0.643,0,0,0,0,0,0,0,0,0,0,0,0,0,0,"715,817"
580205,SACHEM,1,0,0,"375,723","11,629,784","35,120",0,0,0,0,0,0,0,0.666,0,0,"1,476,181","1,130,755",0,0,0,0,0,0,0,0,0,0,"1,877,244"
580206,PORT JEFFERSON,1,0,0,0,"259,821",0,0,0,0,0,0,"1,000",0,0.125,0,0,"58,070","13,066",0,0,0,0,0,0,0,0,0,0,"183,600"
580207,MOUNT SINAI,1,0,0,0,"918,586",0,0,0,0,0,0,"2,428",0,0.681,0,0,"535,830","418,483",0,0,0,0,0,0,0,0,0,0,"108,000"
580208,MILLER PLACE,1,0,0,0,"2,184,653",0,0,0,0,0,0,0,0,0.624,0,0,"616,716","446,502",0,0,0,0,0,0,0,0,0,0,"151,647"
580209,ROCKY POINT,1,0,0,0,"1,011,365",0,0,0,0,0,0,0,"24,419",0.602,"14,700",0,0,0,0,0,0,0,0,0,0,0,0,"10,026","410,490"
580211,MIDDLE COUNTRY,1,0,0,0,"8,363,967",0,"14,933",0,0,0,0,0,0,0.673,0,0,0,0,0,0,0,0,0,0,0,0,"14,933","74,770","1,283,547"
580212,LONGWOOD,1,0,0,0,"2,858,324",0,0,0,0,0,"72,100","25,235","30,000",0.621,"18,630",0,"1,056,281","761,579",0,0,0,0,0,0,0,0,0,0,"2,130,814"
580224,PATCHOGUE-MEDF,1,0,0,"556,613","2,283,992",0,0,0,0,0,0,0,0,0.633,0,0,"504,050","369,469",0,0,0,0,0,0,0,0,0,0,"1,924,535"
580232,WILLIAM FLOYD,1,0,0,"3,587,815","3,781,178",0,0,0,0,0,0,0,0,0.805,0,0,"3,442,400","3,115,372",0,0,0,0,0,0,0,0,0,0,"3,010,407"
580233,CENTER MORICHE,1,0,0,0,"651,797",0,0,0,0,0,"71,500","7,150",0,0.615,0,0,"478,434","342,080",0,0,0,0,0,0,0,0,0,0,"429,838"
580234,EAST MORICHES,1,0,0,0,"910,811",0,0,0,0,0,0,"3,624",0,0.569,0,0,"2,540","1,699",0,0,0,0,0,0,0,0,0,0,"181,366"
580235,SOUTH COUNTRY,1,0,0,0,"2,706,898",0,0,0,0,0,0,0,0,0.662,0,0,"5,792","4,414",0,0,0,"3,200,946",0,0,"601,779",0,0,0,"780,257"
580301,EAST HAMPTON,1,0,0,0,"65,742",0,"45,576","37,204",0,0,0,527,0,0.000,0,0,"797,530","79,753",0,0,0,0,0,0,0,0,"82,780",0,"226,800"
580303,AMAGANSETT,1,0,0,0,"3,350",0,0,0,0,0,0,0,0,0.000,0,0,0,0,0,0,0,0,0,0,0,0,0,0,"32,400"
580304,SPRINGS,1,0,0,0,"3,715",0,0,0,0,0,0,0,0,0.000,0,0,0,0,0,0,0,0,0,0,0,0,0,0,"86,399"
580305,SAG HARBOR,1,0,0,0,"15,212",0,0,0,0,0,0,0,"20,000",0.000,0,0,"619,734","61,973",0,0,0,0,0,0,0,0,0,0,"178,199"
580306,MONTAUK,1,0,0,0,0,0,0,0,0,0,0,0,0,0.000,0,0,0,0,0,0,0,0,0,0,0,0,0,0,"141,750"
580401,ELWOOD,1,0,0,0,"1,283,637",0,0,0,0,0,0,0,"16,250",0.535,"8,694",0,"1,499,370","952,100",0,0,0,0,0,0,0,0,0,0,"199,800"
580402,COLD SPRING HA,1,0,0,0,"289,967",0,0,0,0,0,0,0,"20,000",0.075,"1,500",0,"397,780","69,612",0,0,0,0,0,0,0,0,0,0,0
580403,HUNTINGTON,1,0,0,0,"654,899",0,0,0,0,0,0,0,0,0.298,0,0,"586,335","233,361",0,0,0,0,0,0,0,0,0,0,"724,405"
580404,NORTHPORT,1,0,0,"19,630","960,811","3,056",0,0,0,0,0,0,0,0.177,0,0,"764,916","211,882",0,0,0,0,0,0,0,0,0,0,"655,972"
580405,HALF HOLLOW HI,1,0,0,0,"1,655,775",0,"24,247",0,0,0,"40,100","2,250",0,0.301,0,0,"647,164","259,513",0,0,0,0,0,0,0,0,"24,247","13,156","1,144,945"
580406,HARBORFIELDS,1,0,0,0,"1,165,648",0,0,0,0,0,0,0,0,0.434,0,0,"706,114","377,065",0,0,0,0,0,0,0,0,0,0,"367,200"
580410,COMMACK,1,0,0,0,"6,264,263",0,0,0,0,0,0,0,"72,715",0.537,"39,048",0,"3,442,038","2,192,578",0,0,0,0,0,0,0,0,0,"999,582","642,600"
580413,S. HUNTINGTON,1,0,0,"2,362","1,915,239",0,0,0,0,0,0,"9,555","34,500",0.537,"18,527",0,"1,658,584","1,056,518",0,0,0,0,0,0,0,0,0,0,"879,286"
580501,BAY SHORE,1,0,0,0,"2,163,935",0,"416,941","208,470",0,0,0,"3,375",0,0.575,0,0,"561,086","378,733",0,0,0,0,0,0,0,0,"625,411",0,"534,600"
580502,ISLIP,1,0,0,0,"2,682,346",0,0,0,0,0,0,"6,020","17,950",0.579,"10,393",0,0,0,0,0,0,0,0,0,0,0,0,0,"503,986"
580503,EAST ISLIP,1,0,0,0,"3,906,009",0,0,0,0,0,0,0,0,0.600,0,0,"741,231","518,862",0,0,0,0,0,0,0,0,0,0,"548,100"
580504,SAYVILLE,1,0,0,0,"2,373,291",0,"40,580","40,580",0,0,0,0,0,0.586,0,0,"718,154","492,654",0,0,0,0,0,0,0,0,"81,160","15,559","432,002"
580505,BAYPORT BLUE P,1,0,0,0,"1,895,636",0,0,0,0,0,0,0,"18,950",0.582,"11,029",0,0,0,0,0,0,0,0,0,0,0,0,0,"151,199"
580506,HAUPPAUGE,1,0,0,0,"1,942,063",0,"126,847",0,0,0,0,0,0,0.450,0,0,"948,292","521,561",0,0,0,0,0,0,0,0,"126,847",0,"399,600"
580507,CONNETQUOT,1,0,0,0,"5,492,009",0,"377,263","329,284",0,0,0,0,0,0.576,0,0,"81,804","55,300",0,0,0,0,0,0,0,0,"706,547","246,332","704,430"
580509,WEST ISLIP,1,0,0,0,"4,451,079",0,"504,095",0,0,0,0,"18,235",0,0.606,0,0,"60,450","42,678",0,0,0,0,0,0,0,0,"504,095",0,"810,000"
580512,BRENTWOOD,1,0,0,0,"7,984,077",0,0,0,0,0,0,"30,804",0,0.846,0,0,"2,186,986","2,068,889",0,0,0,0,0,0,0,0,0,0,"7,998,724"
580513,CENTRAL ISLIP,1,0,0,0,"3,625,629","12,510",0,0,0,0,0,0,0,0.792,0,0,"1,136,194","1,013,485",0,0,0,0,0,0,0,0,0,0,"3,818,684"
580514,FIRE ISLAND,1,0,0,0,"14,810",0,0,0,0,0,0,0,"12,000",0.000,0,0,0,0,0,0,0,0,0,0,0,0,0,0,0
580601,SHOREHAM-WADIN,1,0,0,0,"1,965,849","2,791",0,0,0,0,0,0,0,0.314,0,0,0,0,0,0,"7,775","219,684",0,697,"22,737",0,0,0,"215,999"
580602,RIVERHEAD,1,0,0,0,"2,958,119",0,0,0,0,0,0,"18,060",0,0.416,0,0,0,0,0,0,0,0,0,0,0,0,0,0,"409,930"
580701,SHELTER ISLAND,1,0,0,0,"44,837",0,0,0,0,0,0,0,"6,500",0.000,0,0,0,0,0,0,0,0,0,0,0,0,0,0,0
580801,SMITHTOWN,1,0,0,0,"3,512,186",0,0,0,0,0,0,"7,536",0,0.483,0,0,"3,516,335","2,050,023",0,0,0,0,0,0,0,0,0,0,"534,600"
580805,KINGS PARK,1,0,0,0,"2,180,856",0,0,0,0,0,0,0,0,0.521,0,0,"820,534","509,552",0,0,0,0,0,0,0,0,0,0,"307,800"
580901,REMSENBURG,1,0,0,0,"19,326",0,0,0,0,0,0,0,"2,325",0.000,0,0,0,0,0,0,0,0,0,0,0,0,0,"35,977","81,000"
580902,WESTHAMPTON BE,1,0,0,0,"200,814",0,0,0,0,0,0,0,0,0.000,0,0,"145,828","14,583",0,0,0,0,0,0,0,0,0,"5,440","117,686"
580903,QUOGUE,1,0,0,0,0,0,0,0,0,0,0,0,0,0.000,0,0,0,0,0,0,0,0,0,0,0,0,0,0,0
580905,HAMPTON BAYS,1,0,0,0,"650,903",0,0,0,0,0,0,0,0,0.129,0,0,0,0,0,0,0,0,0,0,0,0,0,0,"97,199"
580906,SOUTHAMPTON,1,0,0,0,"380,430",0,0,0,0,0,0,0,0,0.000,0,0,"325,436","32,544",0,0,0,0,0,0,0,0,0,0,"280,800"
580909,BRIDGEHAMPTON,1,0,0,0,"16,905",0,0,0,0,0,"10,000",0,0,0.000,0,0,"1,354,484","135,448",0,0,0,0,0,0,0,0,0,0,0
580912,EASTPORT-SOUTH,1,0,0,"4,870,269","5,401,156","8,968","114,508",0,0,"50,702",0,0,0,0.675,0,0,"2,363,688","1,831,858",0,0,"5,575,892","6,821,482",0,"418,192","1,193,760",0,"114,508",0,"386,014"
580913,TUCKAHOE COMMO,1,0,0,0,"6,315",0,"2,197",0,0,0,0,0,0,0.000,0,0,"41,436","4,144",0,0,0,0,0,0,0,0,"2,197",0,"54,000"
580917,EAST QUOGUE,1,0,0,0,"4,229",0,0,0,0,0,0,0,0,0.000,0,0,"279,564","27,956",0,0,0,0,0,0,0,0,0,0,"81,000"
581002,OYSTERPONDS,1,0,0,0,"8,190",0,0,0,0,0,0,500,0,0.000,0,0,0,0,0,0,0,0,0,0,0,0,0,0,0
581004,FISHERS ISLAND,1,0,0,0,0,0,0,0,0,0,0,0,0,0.000,0,0,"43,480","4,348",0,0,0,0,0,0,0,0,0,0,0
581005,SOUTHOLD,1,0,0,0,"109,987",0,0,0,0,0,0,600,0,0.000,0,0,"10,014","1,001",0,0,0,0,0,0,0,0,0,0,"102,599"
581010,GREENPORT,1,0,0,0,"71,730",0,0,0,0,0,0,0,0,0.020,0,0,"1,358,822","163,059",0,0,0,0,0,0,0,0,0,0,"129,600"
581012,MATTITUCK-CUTC,1,0,0,0,"37,304",0,0,0,0,0,0,0,0,0.000,0,0,"20,894","2,089",0,0,0,"73,449",0,0,"2,203",0,0,"16,184","180,900"
590501,FALLSBURG,1,0,0,0,"2,024,329",0,0,0,0,0,0,0,"17,160",0.741,"12,716",0,0,0,0,0,0,0,0,0,0,0,0,0,"418,137"
590801,ELDRED,1,0,0,0,"237,248",0,0,0,0,0,0,688,0,0.280,0,0,0,0,0,0,0,0,0,0,0,0,0,0,"80,999"
590901,LIBERTY,1,0,0,0,"3,597,696",0,0,0,0,0,"92,400",0,0,0.824,0,0,0,0,0,0,0,0,0,0,0,0,0,0,"606,238"
591201,TRI VALLEY,1,0,0,0,"561,949",0,0,0,0,0,0,0,"18,500",0.351,"6,494",0,0,0,0,0,0,0,0,0,0,0,0,0,"149,111"
591301,ROSCOE,1,0,0,0,"246,565",0,0,0,0,0,0,0,0,0.419,0,0,0,0,0,0,0,0,0,0,0,0,0,0,"40,500"
591302,LIVINGSTON MAN,1,0,0,0,"219,541",0,0,0,0,0,"68,800",0,"31,119",0.588,"18,298",0,0,0,0,0,0,0,0,0,0,0,0,0,0
591401,MONTICELLO,1,0,0,0,"1,284,234",0,0,0,0,0,0,0,0,0.518,0,0,"260,874","161,220",0,0,0,0,0,0,0,0,0,0,"1,456,806"
591502,SULLIVAN WEST,1,0,0,"2,387,702","449,177",0,0,0,0,0,0,0,0,0.604,0,0,0,0,0,0,"2,958,407",0,0,"431,928",0,0,0,0,"165,047"
600101,WAVERLY,1,0,0,0,"4,231,091",0,0,0,0,0,"96,200","9,418",0,0.862,0,0,"838,374","806,516",0,0,0,0,0,0,0,0,0,0,"932,861"
600301,CANDOR,1,0,0,0,"1,996,402",0,0,0,0,0,"91,300","31,955",0,0.813,0,0,0,0,0,0,0,0,0,0,0,0,0,0,"322,938"
600402,NEWARK VALLEY,1,0,0,0,"1,406,746",0,0,0,0,0,0,0,0,0.807,0,0,"190,844","173,096",0,0,0,0,0,0,0,0,0,0,"406,831"
600601,OWEGO-APALACHI,1,0,0,0,"3,345,119",0,0,0,0,0,"86,700",0,0,0.767,0,0,"399,348","346,235",0,0,0,0,0,0,0,0,0,0,"433,205"
600801,SPENCER VAN ET,1,0,0,0,"1,748,382",0,0,0,0,0,0,"29,645",0,0.753,0,0,"591,788","504,795",0,0,0,"599,498",0,0,"58,152",0,0,0,"482,916"
600903,TIOGA,1,0,0,0,"1,272,067",0,0,0,0,0,"94,300",0,0,0.843,0,0,"1,924,306","1,814,621",0,0,0,0,0,0,0,0,0,0,"368,581"
610301,DRYDEN,1,0,0,0,"2,719,929",0,0,0,0,0,"81,600","27,265",0,0.716,0,0,"830,310","677,533",0,0,0,0,0,0,0,0,0,0,"294,627"
610501,GROTON,1,0,0,0,"1,618,769",0,0,0,0,0,0,"30,730",0,0.785,0,0,"293,440","259,694",0,0,0,0,0,0,0,0,0,0,"366,701"
610600,ITHACA,1,0,0,0,"3,802,152",0,0,0,0,0,"58,100","48,150",0,0.481,0,0,"4,653,368","2,703,607",0,0,0,0,0,0,0,0,0,0,"1,245,006"
610801,LANSING,1,0,0,0,"1,718,118",0,0,0,0,0,"68,100",0,"43,900",0.581,"25,506",0,0,0,0,0,0,0,0,0,0,0,0,0,"86,400"
610901,NEWFIELD,1,0,0,0,"2,018,645",0,0,0,0,0,"89,000","25,590",0,0.790,0,0,0,0,0,0,0,0,0,0,0,0,0,0,"368,212"
611001,TRUMANSBURG,1,0,0,0,"2,908,989",0,0,0,0,0,0,"2,988","34,060",0.721,"24,557",0,0,0,0,0,0,0,0,0,0,0,0,0,"244,613"
620600,KINGSTON,1,0,0,0,"8,232,079",0,0,0,0,0,0,0,0,0.596,0,0,"744,861","518,423",0,0,0,0,0,0,0,0,0,0,"1,728,711"
620803,HIGHLAND,1,0,0,0,"1,533,584",0,0,0,0,0,0,"23,975",0,0.585,0,0,"447,006","306,199",0,0,0,0,0,0,0,0,0,0,"13,317"
620901,RONDOUT VALLEY,1,0,0,0,"3,915,276",0,0,0,0,0,0,0,0,0.555,0,0,"626,558","410,395",0,0,0,0,0,0,0,0,0,0,"510,301"
621001,MARLBORO,1,0,0,0,"2,068,081",0,0,0,0,0,0,0,0,0.637,0,0,"1,840,176","1,356,210",0,0,0,0,0,0,0,0,0,0,"310,426"
621101,NEW PALTZ,1,0,0,0,"2,136,754",0,0,0,0,0,"60,700",0,0,0.507,0,0,"50,302","30,533",0,0,0,0,0,0,0,0,0,"1,216,899","48,601"
621201,ONTEORA,1,0,0,0,"553,879",0,0,0,0,0,0,0,0,0.210,0,0,0,0,0,0,0,0,0,0,0,0,0,0,"70,032"
621601,SAUGERTIES,1,0,0,0,"1,281,934",0,"10,540",0,0,0,"66,000",0,"35,000",0.560,"19,600",0,"202,400","133,584",0,0,0,0,0,0,0,0,"10,540",0,"469,128"
621801,WALLKILL,1,0,0,0,"1,016,651",0,0,0,0,0,0,0,0,0.674,0,0,"1,933,836","1,496,789",0,0,0,0,0,0,0,0,0,0,"284,937"
622002,ELLENVILLE,1,0,0,0,"1,003,455",0,0,0,0,0,"69,700",0,0,0.597,0,0,"769,184","536,121",0,0,0,0,0,0,0,0,0,0,"383,465"
630101,BOLTON,1,0,0,0,"35,789",0,0,0,0,0,0,"3,500",0,0.000,0,0,0,0,0,0,0,0,0,0,0,0,0,0,"27,000"
630202,NORTH WARREN,1,0,0,0,"1,419",0,0,0,0,"41,979","32,400",0,"25,000",0.224,"5,600","711,694",0,0,0,0,"2,484","4,380",0,201,354,0,0,0,"80,168"
630300,GLENS FALLS,1,0,0,0,"1,703,747",0,0,0,0,0,0,"11,655","31,000",0.677,"20,987",0,"484,233","376,249",0,0,0,0,0,0,0,0,0,0,"423,286"
630601,JOHNSBURG,1,0,0,0,"254,932",0,"22,040","11,020",0,0,0,0,0,0.484,0,0,0,0,0,0,0,0,0,0,0,0,"33,060",0,"63,714"
630701,LAKE GEORGE,1,0,0,0,"92,527",0,0,0,0,0,"10,000",0,0,0.000,0,0,0,0,0,0,0,0,0,0,0,0,0,0,0
630801,HADLEY LUZERNE,1,0,0,0,"578,420",0,0,0,0,0,0,0,0,0.480,0,0,"2,026","1,175",0,0,0,0,0,0,0,0,0,0,"59,566"
630902,QUEENSBURY,1,0,0,0,"3,666,385",0,0,0,0,0,0,"10,995",0,0.633,0,0,"1,794,763","1,315,561",0,0,0,0,0,0,0,0,0,0,0
630918,GLENS FALLS CO,1,0,0,0,"65,708",0,0,0,0,0,"76,300","25,620","1,200",0.663,796,0,0,0,0,0,0,0,0,0,0,0,0,0,0
631201,WARRENSBURG,1,0,0,"13,237","1,065,769",0,0,0,0,0,"80,400","16,150",0,0.704,0,0,0,0,0,0,0,0,0,0,0,0,0,0,"68,526"
640101,ARGYLE,1,0,0,0,"512,059",0,0,0,0,0,"83,000","26,112","20,000",0.730,"14,600",0,0,0,0,0,0,0,0,0,0,0,0,0,0
640502,FORT ANN,1,0,0,0,"243,856",0,0,0,0,0,"76,100","19,830",0,0.661,0,0,0,0,0,0,0,0,0,0,0,0,0,0,"59,347"
640601,FORT EDWARD,1,1,0,0,"834,601",0,0,0,0,0,0,"9,865",0,0.808,0,0,0,0,0,0,0,0,0,0,0,0,0,0,"103,164"
640701,GRANVILLE,1,0,0,0,"1,819,067",0,0,0,0,0,"88,600","29,715",0,0.786,0,0,0,0,0,0,0,0,0,0,0,0,0,0,"363,461"
640801,GREENWICH,1,0,0,0,"1,177,036",0,0,0,0,0,"81,900",0,"8,651",0.719,"6,220",0,"353,536","289,546",0,0,0,0,0,0,0,0,0,0,"271,341"
641001,HARTFORD,1,0,0,0,"277,541",0,0,0,0,0,"85,400","28,356",0,0.754,0,0,0,0,0,0,0,0,0,0,0,0,0,0,"73,309"
641301,HUDSON FALLS,1,0,0,0,"2,315,739",0,0,0,0,0,"90,500","30,345","12,000",0.805,"9,660",0,0,0,0,0,0,0,0,0,0,0,0,0,"433,118"
641401,PUTNAM,1,0,0,0,0,0,0,0,0,0,0,0,0,0.026,0,0,0,0,0,0,0,0,0,0,0,0,0,0,0
641501,SALEM,1,0,0,0,"1,608,777",0,0,0,0,0,0,0,0,0.707,0,0,0,0,0,0,0,0,0,0,0,0,0,0,0
641610,CAMBRIDGE,1,0,0,0,"2,262,533",0,0,0,0,0,"79,700",0,0,0.697,0,0,0,0,0,0,0,0,0,0,0,0,0,"30,791","218,982"
641701,WHITEHALL,1,0,0,0,"1,357,394",0,0,0,0,0,0,0,0,0.682,0,0,0,0,0,0,0,0,0,0,0,0,0,0,"282,812"
650101,NEWARK,1,0,0,0,"4,087,701",0,0,0,0,0,0,0,0,0.847,0,0,"1,322,150","1,252,076",0,0,0,0,0,0,0,0,0,0,"668,169"
650301,CLYDE-SAVANNAH,1,0,0,0,"3,382,378",0,0,0,0,0,"533,500","32,515",0,0.870,0,0,0,0,0,0,0,0,0,0,0,0,0,0,"413,887"
650501,LYONS,1,0,0,"139,083","964,131","6,830",0,0,0,"16,289","96,600",0,0,0.866,0,0,0,0,0,0,0,0,0,0,0,0,0,0,"719,046"
650701,MARION,1,0,0,"121,192","1,630,033",0,0,0,0,"9,616","84,300","29,505","31,000",0.743,"23,033",0,0,0,0,0,0,0,0,0,0,0,0,0,"113,670"
650801,WAYNE,1,0,0,0,"1,554,410",0,0,0,0,0,"69,566",0,0,0.635,0,0,"2,497,458","1,835,632",0,0,0,0,0,0,0,0,0,0,"209,700"
650901,PALMYRA-MACEDO,1,0,0,"142,894","2,432,641",0,0,0,0,0,"84,400","29,540",0,0.744,0,0,"1,086,236","916,783",0,0,0,0,0,0,0,0,0,"152,863","236,159"
650902,GANANDA,1,0,0,0,"2,284,646",0,0,0,0,0,"87,000","30,450",0,0.770,0,0,"98,172","85,410",0,0,0,0,0,0,0,0,0,0,"370,597"
651201,SODUS,1,0,0,0,"2,638,759",0,0,0,0,0,0,0,"125,000",0.803,"100,375",0,0,0,0,0,0,0,0,0,0,0,0,0,"493,735"
651402,WILLIAMSON,1,0,0,0,"1,167,676",0,0,0,0,0,"84,300","29,505",0,0.743,0,0,"1,061,400","894,760",0,0,0,0,0,0,0,0,0,0,"264,571"
651501,N. ROSE-WOLCOT,1,0,0,0,"2,194,791",0,0,0,0,0,"83,500",0,0,0.735,0,0,"1,214,284","1,013,927",0,0,0,0,0,0,0,0,0,0,"609,588"
651503,RED CREEK,1,0,0,0,"2,419,062",0,0,0,0,0,"90,600",0,0,0.806,0,0,0,0,0,0,0,0,0,0,0,0,0,"97,719","191,232"
660101,KATONAH LEWISB,1,0,0,0,"787,978",89,"1,347",674,0,0,0,0,0,0.225,0,0,0,0,0,0,0,0,0,0,0,0,"2,021",0,0
660102,BEDFORD,1,0,0,0,"344,522",0,0,0,0,0,0,0,"27,500",0.000,0,0,"1,712,954","171,295",0,0,0,0,0,0,0,0,0,0,"59,430"
660202,CROTON HARMON,1,0,0,0,"1,784,663",0,0,0,0,0,0,"15,120",0,0.332,0,0,"141,202","60,999",0,0,0,0,0,0,0,0,0,"59,020","97,198"
660203,HENDRICK HUDSO,1,1,0,0,"138,631",0,0,0,0,0,0,"10,618",0,0.337,0,0,0,0,0,0,0,0,0,0,0,0,0,0,"135,000"
660301,EASTCHESTER,1,0,0,0,"1,754,153",0,"83,054",0,0,0,0,0,0,0.273,0,0,"254,500","94,929",0,0,0,0,0,0,0,0,"83,054",0,0
660302,TUCKAHOE,1,0,0,0,"177,586",0,0,0,0,0,0,0,0,0.230,0,0,"720,826","237,873",0,0,0,0,0,0,0,0,0,0,"164,700"
660303,BRONXVILLE,1,0,0,0,"203,463",0,0,0,0,0,0,"3,280",0,0.101,0,0,0,0,0,0,0,0,0,0,0,0,0,0,0
660401,TARRYTOWN,1,0,0,0,"334,815",0,0,0,0,0,0,"19,374",0,0.456,0,0,"711,360","395,516",0,0,0,0,0,0,0,0,0,0,"697,091"
660402,IRVINGTON,1,0,0,0,"1,028,994","54,369",0,0,0,0,0,0,0,0.224,0,0,"733,550","237,670",0,0,0,0,0,0,0,0,0,"11,618",0
660403,DOBBS FERRY,1,0,0,0,"1,432,577",0,0,0,0,0,0,0,0,0.417,0,0,0,0,0,0,0,0,0,0,0,0,0,0,0
660404,HASTINGS ON HU,1,0,0,0,"860,977",0,0,0,0,0,0,0,0,0.375,0,0,0,0,0,0,0,0,0,0,0,0,0,0,0
660405,ARDSLEY,1,0,0,0,"1,645,162",0,0,0,0,0,0,0,"15,000",0.428,"6,420",0,"354,896","187,385",0,0,0,0,0,0,0,0,0,0,0
660406,EDGEMONT,1,0,0,0,"931,511",0,0,0,0,0,0,0,0,0.351,0,0,0,0,0,0,0,0,0,0,0,0,0,"35,051",0
660407,GREENBURGH,1,0,0,0,"20,720",0,0,0,0,0,0,0,0,0.000,0,0,0,0,0,0,0,"49,992",0,0,"1,249",0,0,0,"453,200"
660409,ELMSFORD,1,0,0,0,"439,520",0,0,0,0,0,0,0,0,0.218,0,0,0,0,0,0,0,0,0,0,0,0,0,0,"210,667"
660501,HARRISON,1,0,0,0,"326,055",0,0,0,0,0,0,0,0,0.000,0,0,"770,621","77,062",0,0,0,"9,494",0,0,237,0,0,"201,668",0
660701,MAMARONECK,1,0,0,0,"1,164,990",0,0,0,0,0,0,0,0,0.153,0,0,"3,353,090","848,332",0,0,0,0,0,0,0,0,0,0,"723,407"
660801,MT PLEAS CENT,1,0,0,0,"1,569,210",0,0,0,0,0,0,0,0,0.269,0,0,"1,252,107","462,027",0,0,0,0,0,0,0,0,0,"85,005",0
660802,POCANTICO HILL,1,0,0,0,"189,718",0,0,0,0,0,0,0,0,0.000,0,0,"674,603","67,460",0,0,0,0,0,0,0,0,0,"14,991","43,200"
660805,VALHALLA,1,0,0,"364,321","410,136",0,0,0,0,0,"32,200",0,"38,500",0.222,"8,547",0,"175,002","56,351",0,0,0,0,0,0,0,0,0,0,0
660809,PLEASANTVILLE,1,0,0,"561,712","1,828,494",0,0,0,0,0,0,"18,620","9,412",0.432,"4,066",0,"620,538","330,126",0,0,0,0,0,0,0,0,0,0,0
660900,MOUNT VERNON,1,0,0,"29,781","9,618,686",0,0,0,0,0,"69,100",0,0,0.591,0,0,"306,630","211,881",0,0,0,0,0,0,0,0,0,0,"3,234,816"
661004,CHAPPAQUA,1,0,0,"872,133","1,836,507",0,"33,885","4,515",0,0,0,0,0,0.325,0,0,0,0,0,0,0,0,0,0,0,0,"38,400",0,0
661100,NEW ROCHELLE,1,0,0,0,"3,388,702",0,0,0,0,0,"57,899",0,0,0.479,0,0,"89,680","51,925",0,0,0,0,0,0,0,0,0,0,"2,153,987"
661201,BYRAM HILLS,1,0,0,0,"63,962",0,"7,756","1,583",0,0,0,0,"17,000",0.000,0,0,"15,040","1,504",0,0,0,0,0,0,0,0,"9,339",0,0
661301,NORTH SALEM,1,0,0,0,"183,716",0,0,0,0,0,0,0,0,0.070,0,0,"174,176","29,610",0,0,0,0,0,0,0,0,0,0,0
661401,OSSINING,1,0,0,0,"3,180,171",0,0,0,0,0,0,0,0,0.575,0,0,"225,508","152,218",0,0,0,0,0,0,0,0,0,0,"848,510"
661402,BRIARCLIFF MAN,1,0,0,0,"565,948",0,0,0,0,0,0,0,"27,500",0.235,"6,463",0,"1,253,540","419,936",0,0,0,0,0,0,0,0,0,"8,976",0
661500,PEEKSKILL,1,0,0,0,"4,023,827",0,0,0,0,0,0,0,0,0.763,0,0,"39,938","34,466",0,0,0,0,0,0,0,0,0,0,"764,610"
661601,PELHAM,1,0,0,0,"2,140,381",0,0,0,0,0,0,0,"19,800",0.394,"7,801",0,0,0,0,0,0,0,0,0,0,0,0,0,0
661800,RYE,1,0,0,0,"110,556",0,0,0,0,0,0,0,0,0.049,0,0,"2,733,338","407,267",0,0,0,0,0,0,0,0,0,"78,729",0
661901,RYE NECK,1,0,0,0,"458,408",0,0,0,0,0,0,0,0,0.253,0,0,"570,188","201,276",0,0,0,0,0,0,0,0,0,0,0
661904,PORT CHESTER,1,0,0,0,"2,640,366",0,0,0,0,0,0,"1,591,200",0,0.591,0,0,"1,413,396","976,657",0,0,0,0,0,0,0,0,0,0,"1,880,004"
661905,BLIND BROOK-RY,1,0,0,0,"521,700",0,0,0,0,0,0,"8,040",0,0.183,0,0,"286,556","81,095",0,0,0,0,0,0,0,0,0,0,0
662001,SCARSDALE,1,0,0,0,"1,099,380",0,0,0,0,0,0,0,0,0.095,0,0,"625,214","121,917",0,0,0,0,0,0,0,0,0,0,0
662101,SOMERS,1,0,0,0,"1,125,536",0,0,0,0,0,0,0,0,0.310,0,0,"106,564","43,691",0,0,0,0,0,0,0,0,0,0,"215,999"
662200,WHITE PLAINS,1,0,0,0,"2,599,843",0,0,0,0,0,0,"13,020","107,979",0.272,"29,370",0,"2,027,740","754,319",0,0,0,0,0,0,0,0,0,"25,655","975,231"
662300,YONKERS,1,1,"505,555","1,360,771","12,860,267","1,088","32,063",0,0,0,0,0,0,0.590,0,0,"4,388,903","3,028,343",0,0,0,0,0,0,0,0,"32,063","143,891","11,925,372"
662401,LAKELAND,1,0,0,0,"2,943,338",0,0,0,0,0,0,0,"71,500",0.548,"39,182",0,"1,009,203","653,964",0,0,0,0,0,0,0,0,0,0,"197,749"
662402,YORKTOWN,1,0,0,0,"1,778,394",0,0,0,0,0,0,"20,580",0,0.488,0,0,0,0,0,0,0,0,0,0,0,0,0,"46,916","232,200"
670201,ATTICA,1,0,0,0,"1,118,403",0,0,0,0,0,"83,700","1,564","97,977",0.737,"72,209",0,0,0,0,0,0,0,0,0,0,0,0,0,"132,525"
670401,LETCHWORTH,1,0,0,0,"1,159,018",0,0,0,0,0,"88,400",0,0,0.784,0,0,"1,640,786","1,450,455",0,0,0,0,0,0,0,0,0,0,"409,663"
671002,WYOMING,1,0,0,0,"333,564",0,0,0,0,0,"80,100",0,0,0.701,0,0,0,0,0,0,0,0,0,0,0,0,0,0,0
671201,PERRY,1,0,0,"701,278","554,484",0,0,0,0,"47,914",0,"12,800",0,0.725,0,0,"1,152,033","950,427",0,0,0,0,0,0,0,0,0,"5,930","268,567"
671501,WARSAW,1,0,0,0,"1,164,799",0,0,0,0,0,"120,122",0,0,0.755,0,0,0,0,0,0,0,0,0,0,0,0,0,0,"87,857"
680601,PENN  YAN,1,0,0,0,"2,733,772",0,0,0,0,0,0,"1,336",0,0.487,0,0,0,0,0,0,0,0,0,0,0,0,0,0,"551,445"
680801,DUNDEE,1,0,0,0,"1,642,938",0,0,0,0,0,0,0,"57,000",0.717,"40,869",0,0,0,0,0,0,0,0,0,0,0,0,0,"452,440"
999997,complete,1,1,"91,160,559","1,472,535,686","1,622,076,236","733,807","7,036,028","1,991,820","118,042,288","833,133","38,496,188","6,683,018","23,075,410",408.681,"12,634,229","2,582,342","340,865,811","241,348,430","36,183,609","26,478,343","21,003,211","76,357,469",0,"2,338,544","8,962,749",0,"9,027,848","12,099,846","613,429,965"
999998,incomplete,1,1,0,"334,842","2,104,018",0,0,0,0,0,0,0,0,0.985,0,0,"50,604","49,288",0,0,0,0,0,0,0,0,0,0,"835,713"
999999,STATE TOTALS,1,1,"91,160,559","1,472,870,528","1,624,180,254","733,807","7,036,028","1,991,820","118,042,288","833,133","38,496,188","6,683,018","23,075,410",409.666,"12,634,229","2,582,342","340,916,415","241,397,718","36,183,609","26,478,343","21,003,211","76,357,469",0,"2,338,544","8,962,749",0,"9,027,848","12,099,846","614,265,678"