DBSFK1, 04/13/24,INC,REP,E(WM0182) 05 COMBINED WEALTH RATIO (CWR),F(K10134) 00 2023-24 CHARTER SCH ENR W/O BOE APPROVED,G(K20134) 00 2022-23 CHARTER SCH ENR W/O BOE APPROVED,H(K30134) 00 2021-22 CHARTER SCH ENR W/O BOE APPROVED,I(K20135) 00 2020-21 CHARTER SCH ENR W/O BOE APPROVED,J(NO0881) 00 INCREASE FROM: 22-23 TO 23-24,K(NO0886) 00 INCREASE FROM: 21-22 TO 22-23,L(NO0891) 00 INCREASE FROM: 20-21 TO 21-22,M(NO0882) 00 2023-24 TOTAL RES PUBLIC ENR,N(NO0887) 00 2022-23 TOTAL RES PUBLIC ENR,O(NO0892) 00 2021-22 TOTAL RES PUBLIC ENR,P(E10008) 00 23-24 PYMTS TO CH SCH (EST),Q(E20008) 00 22-23 PYMTS TO CH SCH (PRELIM),R(E30008) 00 21-22 PYMTS TO CH SCH (ACTUAL),S(E10001) 00 2023-24 TGFE (EST),T(E20001) 00 2022-23 TGFE (PRELIM),U(E30001) 00 2021-22 TGFE (ACTUAL),V(E10007) 00 23-24 CH SCH TOT BASIC TUIT/PUPIL,W(NO0885) 00 AID1 @ 23-24 TUITION/P*.8*INCR,X(NO0890) 00 AID2 @ 23-24 TUITION/P*.6*INCR,Y(NO0895) 00 AID3 @ 23-24 TUITION/P*.4*INCR,Z(FA0013) 00 24-25 TRANSTN AID FOR CHARTER SCH PYMTS
010100,ALBANY,1,1,0.570,"2,438","2,315","2,220","2,169",123,95,51,"10,667","10,426","10,427","41,347,894","38,787,930","36,170,812","307,268,458","274,216,884","255,604,292","17,297","1,702,025","985,929","352,859","3,040,813"
010201,BERNE KNOX,1,0,0.892,0,0,0,0,0,0,0,711,680,696,0,0,0,"25,641,075","25,409,880","23,121,997","16,417",0,0,0,0
010306,BETHLEHEM,1,0,0.984,5,5,3,5,0,2,0,"4,136","4,112","4,185","120,000","54,663","33,808","107,077,233","112,107,287","96,524,576","13,877",0,0,0,0
010402,RAVENA COEYMAN,1,0,0.769,11,9,13,6,2,0,7,"1,735","1,762","1,764","150,000","136,020","147,606","53,548,486","54,023,324","45,684,986","14,284",0,0,0,0
010500,COHOES,1,0,0.521,91,97,88,74,0,9,14,"2,028","1,962","1,923","1,800,000","1,326,279","1,307,949","52,340,637","45,532,540","42,667,965","14,664",0,"79,186","82,118","161,304"
010601,SOUTH COLONIE,1,0,0.847,38,48,45,39,0,3,6,"4,884","4,820","4,737","610,000","614,825","566,021","122,194,702","111,879,647","101,964,565","14,280",0,0,0,0
010615,MENANDS,1,0,1.184,15,22,22,22,0,0,0,396,425,456,"245,550","262,572","324,798","11,555,886","10,322,574","9,792,962","16,935",0,0,0,0
010623,NORTH COLONIE,1,1,0.999,40,36,38,32,4,0,6,"5,978","5,883","5,864","455,000","507,203","412,498","146,752,097","126,997,383","117,141,318","13,235",0,0,0,0
010701,GREEN ISLAND,1,0,0.790,13,18,17,17,0,1,0,255,270,284,"271,400","204,521","212,092","8,143,712","7,626,576","7,439,650","15,554",0,"9,332",0,"9,332"
010802,GUILDERLAND,1,0,0.966,21,22,21,16,0,1,5,"4,859","4,872","4,860","286,093","362,553","286,361","119,772,194","111,662,578","105,583,181","13,858",0,0,0,0
011003,VOORHEESVILLE,1,0,0.990,1,1,2,0,0,0,2,"1,185","1,224","1,195","15,300","3,606","28,493","30,078,491","27,571,436","24,132,588","14,509",0,0,0,0
011200,WATERVLIET,1,0,0.388,96,94,93,87,2,1,6,"1,535","1,481","1,450","1,097,000","1,147,643","936,179","37,759,000","33,052,512","30,117,812","11,508","18,413","6,905","27,619","52,937"
020101,ALFRED ALMOND,1,0,0.482,0,0,0,0,0,0,0,485,522,542,0,0,0,"16,513,631","14,308,212","15,477,812","13,454",0,0,0,0
020601,ANDOVER,1,0,0.468,0,0,0,0,0,0,0,227,240,253,0,0,0,"10,175,000","9,405,143","7,791,534","13,869",0,0,0,0
020702,GENESEE VALLEY,1,0,0.450,0,0,0,0,0,0,0,420,437,431,0,0,0,"18,882,018","17,766,075","17,021,008","13,725",0,0,0,0
020801,BELFAST,1,0,0.331,0,0,0,0,0,0,0,303,304,305,0,0,0,"11,779,463","11,063,830","9,978,590","14,257",0,0,0,0
021102,CANASERAGA,1,0,0.478,0,0,0,0,0,0,0,200,193,198,0,0,0,"8,320,622","8,094,654","6,527,497","13,884",0,0,0,0
021601,FRIENDSHIP,1,0,0.284,0,0,0,0,0,0,0,256,275,276,0,0,0,"10,940,738","9,827,770","10,053,800","14,796",0,0,0,0
022001,FILLMORE,1,0,0.341,0,0,0,0,0,0,0,533,566,571,0,0,0,"18,325,956","19,883,949","15,529,234","10,869",0,0,0,0
022101,WHITESVILLE,1,0,0.489,0,0,0,0,0,0,0,112,125,130,0,0,0,"6,770,000","7,189,097","6,200,941","11,569",0,0,0,0
022302,CUBA-RUSHFORD,1,0,0.568,0,0,0,0,0,0,0,707,726,762,0,0,0,"25,554,195","22,726,455","21,743,820","14,136",0,0,0,0
022401,SCIO,1,0,0.364,0,0,0,0,0,0,0,237,233,239,0,0,0,"10,656,221","10,103,658","9,865,786","12,218",0,0,0,0
022601,WELLSVILLE,1,0,0.419,0,0,0,0,0,0,0,"1,068","1,059","1,065",0,0,0,"34,486,711","31,833,477","32,724,406","14,423",0,0,0,0
022902,BOLIVAR-RICHBG,1,0,0.300,0,0,0,0,0,0,0,642,669,659,0,0,0,"19,178,884","18,798,515","20,825,934","13,492",0,0,0,0
030101,CHENANGO FORKS,1,0,0.548,0,0,0,0,0,0,0,"1,278","1,300","1,301",0,0,0,"37,506,526","32,910,424","33,825,862","12,269",0,0,0,0
030200,BINGHAMTON,1,0,0.435,0,0,0,1,0,0,0,"4,662","4,728","4,841",0,0,0,"143,322,872","122,713,441","121,911,983","12,716",0,0,0,0
030501,HARPURSVILLE,1,0,0.477,0,0,0,0,0,0,0,585,602,623,0,0,0,"23,018,438","24,990,521","19,894,550","9,923",0,0,0,0
030601,SUSQUEHANNA VA,1,0,0.527,0,0,0,0,0,0,0,"1,410","1,415","1,383",0,0,0,"43,286,992","44,694,672","38,845,682","14,849",0,0,0,0
030701,CHENANGO VALLE,1,0,0.507,0,0,0,0,0,0,0,"1,642","1,640","1,639",0,0,0,"45,950,583","42,564,638","41,653,626","12,523",0,0,0,0
031101,MAINE ENDWELL,1,0,0.444,0,0,0,0,0,0,0,"2,525","2,504","2,515",0,0,0,"68,620,535","61,182,040","54,496,377","12,307",0,0,0,0
031301,DEPOSIT,1,0,0.854,0,0,0,0,0,0,0,462,463,470,0,0,0,"18,638,677","16,564,906","15,757,216","15,029",0,0,0,0
031401,WHITNEY POINT,1,0,0.357,0,0,0,0,0,0,0,"1,339","1,344","1,353",0,0,0,"41,367,728","36,754,250","36,025,075","15,007",0,0,0,0
031501,UNION-ENDICOTT,1,0,0.524,0,0,0,0,0,0,0,"3,607","3,662","3,522",0,0,"12,532","99,425,925","88,116,629","85,151,647","13,137",0,0,0,0
031502,JOHNSON   CITY,1,0,0.469,0,0,0,0,0,0,0,"2,252","2,273","2,265",0,0,0,"68,572,652","60,222,869","58,629,033","14,170",0,0,0,0
031601,VESTAL,1,0,0.861,0,0,0,0,0,0,0,"3,480","3,435","3,356",0,0,0,"90,122,447","89,840,601","79,077,532","14,194",0,0,0,0
031701,WINDSOR,1,0,0.484,0,0,0,0,0,0,0,"1,460","1,514","1,521",0,0,0,"50,305,771","44,700,402","44,300,001","13,211",0,0,0,0
040204,WEST VALLEY,1,0,0.721,0,0,0,0,0,0,0,183,200,183,0,0,0,"9,491,425","7,707,604","7,922,355","15,168",0,0,0,0
040302,ALLEGANY-LIMES,1,0,0.525,0,0,0,0,0,0,0,977,"1,014","1,063",0,0,0,"28,119,785","23,987,337","23,022,571","11,601",0,0,0,0
040901,ELLICOTTVILLE,1,0,1.401,0,0,0,0,0,0,0,414,434,446,0,0,0,"14,941,612","14,344,366","13,267,582","13,525",0,0,0,0
041101,FRANKLINVILLE,1,0,0.431,0,0,0,0,0,0,0,558,545,540,0,0,0,"21,820,556","18,703,184","17,885,767","12,903",0,0,0,0
041401,HINSDALE,1,0,0.490,0,0,0,0,0,0,0,322,333,339,0,0,0,"11,819,394","10,848,429","10,386,813","12,139",0,0,0,0
042302,CATTARAUGUS-LI,1,0,0.486,0,0,0,0,0,0,0,800,810,807,0,0,0,"29,403,775","25,877,421","25,876,367","13,840",0,0,0,0
042400,OLEAN,1,0,0.425,0,0,0,0,0,0,0,"1,828","1,835","1,848",0,0,0,"51,501,933","45,340,725","42,700,522","13,076",0,0,0,0
042801,GOWANDA,1,0,0.344,3,2,1,0,1,1,1,"1,063","1,085","1,053","60,000","34,406","12,276","35,946,282","30,217,044","31,460,506","12,664",0,0,0,0
042901,PORTVILLE,1,0,0.413,0,0,0,0,0,0,0,683,672,688,0,0,0,"25,045,982","20,325,787","19,003,291","12,327",0,0,0,0
043001,RANDOLPH,1,0,0.566,0,0,0,0,0,0,0,771,808,801,0,0,0,"19,187,425","19,648,462","17,104,090","13,591",0,0,0,0
043200,SALAMANCA,1,0,0.197,0,0,0,0,0,0,0,"1,314","1,309","1,293",0,0,0,"51,211,708","46,206,362","46,825,548","3,150",0,0,0,0
043501,YORKSHRE-PIONE,1,0,0.485,0,0,0,0,0,0,0,"2,114","2,121","2,164",0,0,0,"65,708,041","61,047,173","51,953,944","11,715",0,0,0,0
050100,AUBURN,1,0,0.551,0,0,0,0,0,0,0,"3,879","3,888","3,935",0,0,0,"100,268,807","86,503,017","79,331,600","12,014",0,0,0,0
050301,WEEDSPORT,1,0,0.556,0,0,0,0,0,0,0,684,675,690,0,0,0,"22,220,478","19,993,323","18,973,263","13,226",0,0,0,0
050401,CATO MERIDIAN,1,0,0.531,0,0,0,0,0,0,0,819,828,830,0,0,0,"24,301,914","25,445,225","20,802,049","12,490",0,0,0,0
050701,SOUTHERN CAYUG,1,0,0.955,0,0,2,1,0,0,1,624,642,638,0,"14,585","28,876","20,129,468","20,477,180","16,318,969","15,112",0,0,0,0
051101,PORT BYRON,1,0,0.537,0,0,0,0,0,0,0,756,732,728,0,0,0,"24,379,325","23,412,227","21,818,800","12,392",0,0,0,0
051301,MORAVIA,1,0,0.573,3,3,1,2,0,2,0,875,893,897,"35,415","35,415","9,722","28,646,347","27,882,030","24,976,398","12,255",0,0,0,0
051901,UNION SPRINGS,1,0,0.834,0,0,0,0,0,0,0,698,726,746,0,0,0,"21,392,541","19,675,059","17,678,015","13,169",0,0,0,0
060201,SOUTHWESTERN,1,0,0.599,0,0,0,0,0,0,0,"1,221","1,270","1,284",0,0,0,"33,113,562","29,738,581","30,650,506","13,463",0,0,0,0
060301,FREWSBURG,1,0,0.384,0,0,0,0,0,0,0,674,700,720,0,0,0,"22,458,160","19,844,037","18,019,122","11,698",0,0,0,0
060401,CASSADAGA VALL,1,0,0.463,0,0,0,0,0,0,0,777,785,791,0,0,0,"25,547,893","22,329,619","21,992,930","14,998",0,0,0,0
060503,CHAUTAUQUA,1,0,1.501,0,0,0,0,0,0,0,588,591,581,0,0,0,"24,161,985","21,214,725","20,808,364","14,720",0,0,0,0
060601,PINE VALLEY,1,0,0.418,0,0,0,0,0,0,0,464,474,497,0,0,0,"18,242,699","16,013,877","15,106,400","18,916",0,0,0,0
060701,CLYMER,1,0,0.715,0,0,0,0,0,0,0,338,342,358,0,0,0,"12,023,133","10,659,158","10,810,369","16,472",0,0,0,0
060800,DUNKIRK,1,0,0.316,0,0,0,0,0,0,0,"1,979","1,966","2,024",0,0,0,"56,450,685","48,168,153","45,915,167","15,391",0,0,0,0
061001,BEMUS POINT,1,0,0.958,0,0,0,0,0,0,0,535,552,578,0,0,0,"16,648,595","16,179,918","15,304,091","14,350",0,0,0,0
061101,FALCONER,1,0,0.398,0,0,0,0,0,0,0,"1,076","1,077","1,069",0,0,0,"28,399,418","27,447,281","22,636,124","11,542",0,0,0,0
061501,SILVER CREEK,1,0,0.416,1,1,1,2,0,0,0,934,958,971,"26,000","14,073","13,437","28,105,159","25,963,754","24,356,091","14,689",0,0,0,0
061503,FORESTVILLE,1,0,0.552,0,0,0,0,0,0,0,408,424,414,0,0,0,"13,643,847","11,806,194","10,795,838","13,180",0,0,0,0
061601,PANAMA,1,0,0.471,0,0,0,0,0,0,0,390,416,423,0,0,0,"13,918,229","12,184,743","11,501,774","13,050",0,0,0,0
061700,JAMESTOWN,1,0,0.255,0,0,0,0,0,0,0,"4,302","4,286","4,307",0,0,0,"104,906,478","84,433,547","81,640,782","12,240",0,0,0,0
062201,FREDONIA,1,0,0.591,0,0,0,0,0,0,0,"1,404","1,401","1,388",0,0,0,"34,651,243","32,653,543","31,330,303","14,046",0,0,0,0
062301,BROCTON,1,0,0.379,0,0,0,0,0,0,0,506,513,541,0,0,0,"18,613,309","16,778,973","16,741,906","15,187",0,0,0,0
062401,RIPLEY,1,0,0.396,0,0,0,0,0,0,0,238,252,247,0,0,0,"9,569,413","8,846,621","8,468,131","14,040",0,0,0,0
062601,SHERMAN,1,0,0.464,0,0,0,0,0,0,0,336,344,323,0,0,0,"12,115,391","11,070,201","10,298,808","12,554",0,0,0,0
062901,WESTFIELD,1,0,0.475,0,0,0,0,0,0,0,607,614,622,0,0,0,"18,124,555","16,178,836","15,740,634","13,050",0,0,0,0
070600,ELMIRA,1,0,0.378,342,313,336,320,29,0,16,"5,787","5,799","6,053","4,530,000","4,268,466","4,433,611","147,018,971","133,937,248","128,520,461","12,981","301,159",0,"83,078","384,237"
070901,HORSEHEADS,1,0,0.656,15,14,10,9,1,4,1,"3,625","3,670","3,590","237,408","232,130","178,910","93,884,722","88,468,505","91,216,953","13,016",0,0,0,0
070902,ELMIRA HEIGHTS,1,0,0.392,9,10,10,9,0,0,1,"1,010","1,010",962,"135,000","126,962","106,704","27,875,079","22,689,102","22,998,712","11,844",0,0,0,0
080101,AFTON,1,0,0.459,0,0,0,0,0,0,0,532,542,499,0,0,0,"18,463,045","16,992,022","14,504,679","13,338",0,0,0,0
080201,BAINBRIDGE GUI,1,0,0.442,0,0,0,0,0,0,0,696,716,699,0,0,0,"22,655,474","23,228,591","18,496,420","13,059",0,0,0,0
080601,GREENE,1,0,0.518,0,0,0,0,0,0,0,891,887,899,0,0,0,"31,580,370","28,250,168","26,787,264","12,719",0,0,0,0
081003,UNADILLA,1,0,0.413,0,0,0,0,0,0,0,745,728,728,0,0,0,"24,403,183","20,766,978","20,640,629","14,463",0,0,0,0
081200,NORWICH,1,0,0.426,0,0,0,0,0,0,0,"1,595","1,633","1,664",0,0,0,"46,146,296","42,741,767","39,632,896","11,315",0,0,0,0
081401,GRGETWN-SO OTS,1,0,0.539,0,0,0,0,0,0,0,283,299,291,0,0,0,"11,881,344","11,374,754","11,077,156","16,062",0,0,0,0
081501,OXFORD,1,0,0.383,0,0,0,0,0,0,0,683,697,662,0,0,0,"22,909,507","19,220,101","18,067,306","13,670",0,0,0,0
082001,SHERBURNE EARL,1,0,0.374,0,0,0,0,0,0,0,"1,236","1,212","1,238",0,0,0,"37,842,166","34,234,534","33,853,896","12,490",0,0,0,0
090201,AUSABLE VALLEY,1,0,0.616,0,0,0,0,0,0,0,"1,099","1,125","1,078",0,0,0,"36,506,950","34,202,584","32,838,389","15,292",0,0,0,0
090301,BEEKMANTOWN,1,0,0.595,0,0,0,0,0,0,0,"1,919","1,896","1,876",0,0,0,"52,799,122","46,221,623","43,349,320","14,511",0,0,0,0
090501,NORTHEASTERN,1,0,0.465,0,0,0,0,0,0,0,"1,175","1,189","1,216",0,0,0,"36,439,646","32,716,061","29,607,935","13,658",0,0,0,0
090601,CHAZY,1,0,0.522,0,0,0,0,0,0,0,459,451,434,0,0,0,"13,110,467","11,807,572","10,999,830","12,944",0,0,0,0
090901,NORTHRN ADIRON,1,0,0.463,0,0,0,0,0,0,0,813,799,802,0,0,0,"27,172,260","26,031,705","24,513,774","14,780",0,0,0,0
091101,PERU,1,0,0.524,0,0,0,0,0,0,0,"1,742","1,807","1,780",0,0,0,"50,890,597","47,874,516","46,530,167","14,333",0,0,0,0
091200,PLATTSBURGH,1,0,0.573,0,0,0,0,0,0,0,"1,756","1,660","1,687",0,0,0,"50,786,251","46,396,643","44,022,020","15,604",0,0,0,0
091402,SARANAC,1,0,0.478,0,0,0,0,0,0,0,"1,457","1,440","1,441",0,0,0,"40,416,336","37,316,625","33,474,595","13,923",0,0,0,0
100501,COPAKE-TACONIC,1,0,2.159,0,1,0,0,0,1,0,983,"1,027","1,092",0,0,0,"37,350,595","37,778,998","37,938,384","16,791",0,0,0,0
100902,GERMANTOWN,1,0,1.630,0,0,0,0,0,0,0,459,474,478,0,0,0,"17,230,049","16,198,527","15,204,363","16,242",0,0,0,0
101001,CHATHAM,1,0,1.701,0,0,0,0,0,0,0,848,851,868,0,0,0,"33,710,845","39,145,780","29,483,159","14,311",0,0,0,0
101300,HUDSON,1,0,1.048,1,1,2,1,0,0,1,"1,548","1,568","1,610","16,000","15,513","30,562","53,627,125","54,080,793","50,956,783","15,882",0,0,0,0
101401,KINDERHOOK,1,0,0.847,0,0,0,0,0,0,0,"1,694","1,718","1,690",0,0,0,"48,587,624","46,444,362","44,922,223","13,076",0,0,0,0
101601,NEW LEBANON,1,0,1.503,0,0,0,0,0,0,0,394,397,391,0,0,0,"13,822,448","12,616,534","12,144,542","17,118",0,0,0,0
110101,CINCINNATUS,1,0,0.380,4,5,7,1,0,0,6,501,525,505,"62,000","71,005","98,637","18,051,838","17,061,083","16,705,617","14,259",0,0,0,0
110200,CORTLAND,1,0,0.587,31,44,44,20,0,0,24,"1,966","1,986","2,047","670,000","409,018","475,650","53,466,042","50,592,832","47,900,989","12,043",0,0,"115,613","115,613"
110304,MCGRAW,1,0,0.404,4,4,5,5,0,0,0,478,501,509,"80,000","71,163","56,158","16,282,995","13,669,402","13,182,059","15,873",0,0,0,0
110701,HOMER,1,0,0.571,27,29,27,18,0,2,9,"1,749","1,789","1,840","500,000","346,212","362,095","47,195,532","44,095,202","43,386,146","13,115",0,0,0,0
110901,MARATHON,1,0,0.413,2,1,1,0,1,0,1,703,705,698,"10,000","9,713","14,089","21,194,285","18,553,799","18,211,682","14,538",0,0,0,0
120102,ANDES,1,0,4.110,0,0,0,0,0,0,0,60,56,52,0,0,0,"4,675,426","4,591,816","3,807,564","20,369",0,0,0,0
120301,DOWNSVILLE,1,0,2.318,0,0,0,0,0,0,0,214,220,222,0,0,0,"11,527,552","12,048,892","10,557,844","19,931",0,0,0,0
120401,CHARLOTTE VALL,1,0,0.642,0,0,0,0,0,0,0,329,325,357,0,0,0,"12,091,774","11,186,676","10,426,200","14,135",0,0,0,0
120501,DELHI,1,0,0.833,0,0,0,0,0,0,0,731,716,693,0,0,0,"22,047,548","21,771,312","19,001,251","15,600",0,0,0,0
120701,FRANKLIN,1,0,1.676,0,0,0,0,0,0,0,191,195,206,0,0,0,"8,247,921","7,645,038","7,666,133","15,481",0,0,0,0
120906,HANCOCK,1,0,0.890,0,0,0,0,0,0,0,241,257,250,0,0,0,"13,098,655","12,336,714","11,240,725","14,039",0,0,0,0
121401,MARGARETVILLE,1,0,1.629,0,0,0,0,0,0,0,293,309,326,0,0,0,"12,619,951","12,157,085","10,584,710","16,719",0,0,0,0
121502,ROXBURY,1,0,1.569,0,0,0,0,0,0,0,221,218,226,0,0,0,"10,635,373","10,703,550","8,959,052","19,551",0,0,0,0
121601,SIDNEY,1,0,0.405,0,0,0,0,0,0,0,"1,003","1,035","1,055",0,0,0,"31,300,789","28,065,833","25,528,732","12,367",0,0,0,0
121701,STAMFORD,1,0,0.722,0,0,0,0,0,0,0,238,249,231,0,0,0,"10,786,870","12,046,149","8,966,348","14,495",0,0,0,0
121702,S. KORTRIGHT,1,0,0.888,0,0,0,0,0,0,0,270,277,292,0,0,0,"11,227,903","10,150,685","9,545,153","14,111",0,0,0,0
121901,WALTON,1,0,0.558,0,0,0,0,0,0,0,799,824,828,0,0,0,"24,355,373","22,880,621","20,250,697","12,128",0,0,0,0
130200,BEACON,1,0,1.031,1,1,1,1,0,0,0,"2,508","2,512","2,576",0,"13,620",0,"81,340,700","77,985,491","74,654,760","14,127",0,0,0,0
130502,DOVER,1,0,0.728,0,0,0,0,0,0,0,"1,329","1,342","1,355",0,0,0,"41,006,599","35,739,536","33,663,058","13,390",0,0,0,0
130801,HYDE PARK,1,0,0.832,4,1,0,0,3,1,0,"3,378","3,390","3,378",0,0,0,"106,657,867","103,058,789","104,314,428","14,300",0,0,0,0
131101,NORTHEAST,1,0,1.829,0,0,0,0,0,0,0,653,623,625,0,0,0,"25,836,290","24,548,770","21,823,734","16,337",0,0,0,0
131201,PAWLING,1,0,1.251,0,0,0,0,0,0,0,"1,050","1,059","1,097",0,0,0,"45,043,577","39,687,396","38,109,088","17,315",0,0,0,0
131301,PINE PLAINS,1,0,2.278,0,0,0,0,0,0,0,747,784,823,0,0,0,"36,415,210","34,199,098","33,221,987","16,980",0,0,0,0
131500,POUGHKEEPSIE,1,0,0.478,95,76,0,1,19,76,0,"3,900","3,979","4,151","1,650,000","1,292,580",0,"135,957,853","112,454,254","103,211,163","15,993","243,094",0,0,"243,094"
131601,ARLINGTON,1,0,0.801,4,1,0,0,3,1,0,"7,738","7,824","7,845","40,000","26,640",0,"256,252,000","234,573,595","223,673,703","13,767",0,0,0,0
131602,SPACKENKILL,1,0,0.673,0,0,0,0,0,0,0,"1,502","1,483","1,435",0,0,0,"51,918,431","48,242,209","48,510,570","18,647",0,0,0,0
131701,RED HOOK,1,0,1.127,0,0,0,0,0,0,0,"1,569","1,576","1,635",0,0,0,"60,277,035","55,511,269","54,250,859","15,490",0,0,0,0
131801,RHINEBECK,1,0,2.766,0,0,0,0,0,0,0,902,921,924,0,0,0,"38,916,690","35,699,270","33,240,276","18,618",0,0,0,0
132101,WAPPINGERS,1,0,0.886,0,0,3,4,0,0,0,"10,405","10,359","10,372",0,0,"20,396","284,888,908","262,234,235","249,695,947","13,591",0,0,0,0
132201,MILLBROOK,1,0,2.069,0,0,0,0,0,0,0,786,828,849,0,0,0,"33,999,373","27,937,060","27,988,863","14,088",0,0,0,0
140101,ALDEN,1,0,0.732,0,0,0,0,0,0,0,"1,477","1,499","1,494",0,0,0,"38,767,717","32,671,171","32,277,714","11,278",0,0,0,0
140201,AMHERST,1,0,0.869,52,59,56,52,0,3,4,"3,025","2,947","2,989","650,650","576,085","566,181","75,538,000","70,813,233","65,215,026","11,866",0,0,0,0
140203,WILLIAMSVILLE,1,0,1.031,19,18,17,20,1,1,0,"9,661","9,645","9,598","260,000","237,557","245,027","223,408,182","203,919,274","206,953,364","12,701",0,0,0,0
140207,SWEET HOME,1,0,0.824,61,57,63,56,4,0,7,"3,577","3,500","3,407","1,150,000","958,119","823,615","96,886,588","91,099,524","83,058,374","14,494",0,0,0,0
140301,EAST AURORA,1,0,1.142,1,1,0,2,0,1,0,"1,649","1,646","1,664","11,747","11,516",0,"43,802,762","42,954,626","39,201,404","12,126",0,0,0,0
140600,BUFFALO,1,1,0.356,"9,826","9,641","9,370","8,816",185,271,554,"38,806","38,611","39,497","159,730,738","147,963,703","141,618,547","1,102,683,433","958,045,303","927,587,917","13,966","2,066,968","2,270,872","3,094,866","7,432,706"
140701,CHEEKTOWAGA,1,0,0.665,200,182,143,150,18,39,0,"2,461","2,341","2,249","2,075,000","1,850,653","1,605,796","58,326,319","52,235,572","46,256,650","11,807","170,021","276,284",0,"446,305"
140702,MARYVALE,1,0,0.611,53,52,46,39,1,6,7,"2,272","2,204","2,161","736,875","655,854","581,014","55,718,059","50,922,191","52,244,930","12,863","10,290","46,307","36,016","92,613"
140703,CLEVELAND HILL,1,0,0.533,69,61,55,56,8,6,0,"1,414","1,403","1,378","908,234","846,685","766,738","36,719,878","31,907,831","33,622,493","13,021","83,334","46,876",0,"130,210"
140707,DEPEW,1,0,0.609,10,8,15,9,2,0,6,"1,855","1,835","1,807","206,280","122,335","124,136","51,542,003","45,658,961","46,197,457","11,538",0,0,0,0
140709,SLOAN,1,0,0.544,96,100,68,58,0,32,10,"1,379","1,378","1,353","1,310,000","1,286,826","910,478","40,373,761","34,921,681","32,965,033","13,109",0,"251,693","52,436","304,129"
140801,CLARENCE,1,0,1.236,1,3,2,3,0,1,0,"4,114","4,129","4,106","62,425","11,276","25,813","93,158,345","86,564,294","87,170,331","11,924",0,0,0,0
141101,SPRINGVILLE-GR,1,0,0.722,1,0,0,1,1,0,0,"1,579","1,585","1,572","20,000",0,0,"44,765,446","43,581,554","40,152,992","13,373",0,0,0,0
141201,EDEN,1,0,0.772,1,1,0,0,0,1,0,"1,270","1,256","1,276","12,000","11,648","6,065","37,750,099","30,807,856","29,459,887","12,097",0,0,0,0
141301,IROQUOIS,1,0,1.099,0,0,0,1,0,0,0,"2,036","2,045","2,069",0,0,0,"56,687,105","53,895,653","49,376,384","14,012",0,0,0,0
141401,EVANS-BRANT,1,0,0.581,3,1,3,0,2,0,3,"2,100","2,119","2,114","17,000","47,605","16,819","62,802,850","59,310,784","53,708,754","12,946",0,0,0,0
141501,GRAND ISLAND,1,0,0.920,3,4,10,13,0,0,0,"2,794","2,833","2,837","35,820","46,704","114,475","73,527,710","64,014,286","62,323,711","11,940",0,0,0,0
141601,HAMBURG,1,0,0.750,6,3,4,10,3,0,0,"3,221","3,240","3,209","70,000","35,121","35,195","83,348,173","78,688,846","76,528,539","12,324",0,0,0,0
141604,FRONTIER,1,0,0.747,36,39,30,37,0,9,0,"4,533","4,588","4,568","426,475","434,885","343,360","102,237,308","91,186,682","92,805,070","10,150",0,0,0,0
141701,HOLLAND,1,0,0.865,0,0,0,0,0,0,0,715,756,751,0,0,0,"22,585,252","21,970,895","20,696,499","12,704",0,0,0,0
141800,LACKAWANNA,1,0,0.316,815,761,801,819,54,0,0,"2,844","2,611","2,626","13,574,775","11,056,854","10,995,710","72,503,705","57,581,382","46,406,036","13,355","576,936",0,0,"576,936"
141901,LANCASTER,1,0,0.773,12,16,17,19,0,0,0,"5,409","5,460","5,466","196,085","174,678","183,731","130,704,018","107,788,105","105,296,927","10,740",0,0,0,0
142101,AKRON,1,0,0.613,0,0,1,0,0,0,1,"1,209","1,262","1,290",0,0,"11,581","36,221,866","31,439,845","29,947,554","12,238",0,0,0,0
142201,NORTH COLLINS,1,0,0.617,2,2,1,1,0,1,0,555,558,548,"32,000","29,712","14,645","17,493,078","17,310,285","15,431,928","15,290",0,0,0,0
142301,ORCHARD PARK,1,0,1.029,10,11,11,14,0,0,0,"4,722","4,741","4,714","126,000","112,086","140,694","119,841,109","114,485,904","105,560,873","12,567",0,0,0,0
142500,TONAWANDA,1,0,0.549,32,41,41,39,0,0,2,"1,713","1,717","1,710","500,000","440,574","447,827","41,785,597","37,193,306","32,596,496","11,825",0,0,"9,460","9,460"
142601,KENMORE,1,0,0.764,300,287,284,285,13,3,0,"6,862","6,869","6,746","3,402,000","3,126,856","3,142,267","186,035,714","187,124,214","174,564,972","11,143","115,887","20,057",0,"135,944"
142801,WEST SENECA,1,0,0.676,113,109,110,116,4,0,0,"6,170","6,182","6,166","1,425,000","1,307,727","1,340,219","148,799,452","137,879,715","129,636,101","12,157",0,0,0,0
150203,CROWN POINT,1,0,0.441,0,0,0,0,0,0,0,312,311,303,0,0,0,"8,756,414","7,120,066","6,906,479","18,940",0,0,0,0
150601,KEENE,1,0,2.578,0,0,0,0,0,0,0,121,123,124,0,0,0,"7,890,646","7,035,421","6,632,457","24,890",0,0,0,0
150801,MINERVA,1,0,1.644,0,0,0,0,0,0,0,97,115,107,0,0,0,"6,078,595","5,546,989","5,217,378","26,331",0,0,0,0
150901,MORIAH,1,0,0.321,0,0,0,0,0,0,0,655,673,655,0,0,0,"21,515,896","18,092,583","17,443,798","14,528",0,0,0,0
151001,NEWCOMB,0,0,3.439,0,0,0,0,0,0,0,45,49,56,0,0,0,"6,092,474","6,092,474","4,984,361","44,320",0,0,0,0
151102,LAKE PLACID,1,0,2.866,0,0,0,0,0,0,0,531,521,538,0,0,0,"21,746,602","20,669,221","19,088,123","16,551",0,0,0,0
151401,SCHROON LAKE,1,0,2.154,0,0,0,0,0,0,0,213,216,214,0,0,0,"9,305,327","8,437,967","8,317,155","20,697",0,0,0,0
151501,TICONDEROGA,1,0,1.043,0,0,0,0,0,0,0,726,698,684,0,0,0,"22,207,075","22,018,513","20,844,819","16,159",0,0,0,0
151701,WILLSBORO,1,0,1.190,0,0,0,0,0,0,0,251,243,234,0,0,0,"10,901,493","8,932,104","8,720,475","17,666",0,0,0,0
151801,BOQUET VALLEY,1,1,1.043,0,0,0,0,0,0,0,358,360,398,0,0,0,"15,618,476","14,087,198","14,054,800","16,118",0,0,0,0
160101,TUPPER LAKE,1,0,0.669,0,0,0,0,0,0,0,717,722,709,0,0,0,"22,283,780","20,386,744","19,226,433","13,700",0,0,0,0
160801,CHATEAUGAY,1,0,0.437,0,0,0,0,0,0,0,485,457,450,0,0,0,"17,126,477","14,176,552","12,909,357","12,794",0,0,0,0
161201,SALMON RIVER,1,0,0.174,0,0,0,0,0,0,0,"1,290","1,291","1,299",0,0,0,"46,651,067","43,117,299","41,811,510","16,080",0,0,0,0
161401,SARANAC LAKE,1,0,1.518,0,0,0,0,0,0,0,"1,046","1,072","1,096",0,0,0,"36,000,000","32,751,109","30,043,239","16,404",0,0,0,0
161501,MALONE,1,0,0.385,0,0,0,0,0,0,0,"2,109","2,145","2,138",0,0,0,"66,423,200","60,224,374","52,808,695","12,835",0,0,0,0
161601,BRUSHTON MOIRA,1,0,0.300,0,0,0,0,0,0,0,708,701,704,0,0,0,"22,146,721","18,885,403","18,655,280","14,380",0,0,0,0
161801,ST REGIS FALLS,1,0,0.618,0,0,0,0,0,0,0,201,216,229,0,0,0,"10,229,510","9,443,082","8,484,246","17,247",0,0,0,0
170301,WHEELERVILLE,1,0,1.579,0,0,0,0,0,0,0,119,123,125,0,0,0,"5,015,649","4,184,541","3,865,464","17,400",0,0,0,0
170500,GLOVERSVILLE,1,0,0.315,1,1,0,0,0,1,0,"2,499","2,528","2,540","11,000","10,964",0,"74,015,431","66,632,215","63,043,605","11,409",0,0,0,0
170600,JOHNSTOWN,1,0,0.473,0,0,0,0,0,0,0,"1,449","1,451","1,463",0,0,0,"42,952,985","37,026,390","36,183,103","9,678",0,0,0,0
170801,MAYFIELD,1,0,0.613,0,0,0,0,0,0,0,817,820,865,0,0,0,"21,167,058","19,130,162","19,488,594","11,633",0,0,0,0
170901,NORTHVILLE,1,0,1.060,0,0,0,0,0,0,0,328,358,364,0,0,0,"14,426,117","12,457,972","14,207,075","16,742",0,0,0,0
171102,BROADALBIN-PER,1,0,0.616,1,0,0,0,1,0,0,"1,559","1,567","1,614","3,000","10,116",0,"41,266,000","38,454,148","36,088,329","10,318",0,0,0,0
180202,ALEXANDER,1,0,0.504,0,0,0,0,0,0,0,689,691,725,0,0,0,"20,847,885","19,427,545","16,204,051","13,225",0,0,0,0
180300,BATAVIA,1,0,0.548,2,2,2,2,0,0,0,"2,140","2,106","2,129","30,000","32,711","26,452","58,970,774","51,542,065","48,239,537","14,183",0,0,0,0
180701,BYRON BERGEN,1,0,0.568,2,1,1,0,1,0,1,811,818,807,"15,000","12,481","12,307","25,194,823","22,074,145","24,780,529","12,815",0,0,0,0
180901,ELBA,1,0,0.571,0,0,0,0,0,0,0,402,381,395,0,0,0,"11,708,369","10,471,692","9,969,224","14,281",0,0,0,0
181001,LE ROY,1,0,0.487,0,0,0,0,0,0,0,"1,132","1,138","1,131",0,0,0,"30,196,627","27,060,413","25,929,631","13,123",0,0,0,0
181101,OAKFIELD ALABA,1,0,0.445,0,0,0,0,0,0,0,649,680,721,0,0,0,"24,094,600","22,567,651","19,447,962","13,727",0,0,0,0
181201,PAVILION,1,0,0.553,0,0,0,0,0,0,0,546,590,588,0,0,0,"18,869,393","16,673,900","16,159,493","13,338",0,0,0,0
181302,PEMBROKE,1,0,0.571,0,0,0,0,0,0,0,865,852,845,0,0,0,"26,732,685","24,079,250","22,454,809","14,292",0,0,0,0
190301,CAIRO-DURHAM,1,0,0.830,0,0,0,0,0,0,0,"1,055","1,052","1,077",0,0,0,"36,075,269","31,893,775","32,587,240","11,469",0,0,0,0
190401,CATSKILL,1,0,0.893,0,0,0,0,0,0,0,"1,266","1,262","1,305",0,0,0,"47,520,867","44,003,256","43,017,315","16,209",0,0,0,0
190501,COXSACKIE ATHE,1,0,0.915,0,0,0,0,0,0,0,"1,103","1,138","1,162",0,0,0,"35,963,000","32,828,235","32,171,503","13,661",0,0,0,0
190701,GREENVILLE,1,0,0.743,0,1,1,0,0,0,1,"1,078","1,056","1,054",0,0,0,"34,154,771","34,894,295","30,616,336","15,274",0,0,0,0
190901,HUNTER TANNERS,1,0,2.452,0,0,0,0,0,0,0,298,312,310,0,0,0,"15,112,593","13,640,142","13,327,345","17,254",0,0,0,0
191401,WINDHAM ASHLAN,1,0,2.906,0,0,0,0,0,0,0,293,289,290,0,0,0,"13,887,804","12,918,293","11,978,235","21,016",0,0,0,0
200401,INDIAN LAKE,1,0,3.397,0,0,0,0,0,0,0,110,119,109,0,0,0,"7,511,983","6,035,550","7,326,842","24,475",0,0,0,0
200601,LAKE PLEASANT,1,0,3.901,0,0,0,0,0,0,0,69,68,70,0,0,0,"5,435,545","4,656,288","4,646,856","28,865",0,0,0,0
200701,LONG LAKE,1,0,6.321,0,0,0,0,0,0,0,50,52,56,0,0,0,"4,685,439","4,229,342","4,053,230","43,783",0,0,0,0
200901,WELLS,1,0,2.007,0,0,0,0,0,0,0,103,108,114,0,0,0,"6,088,668","7,516,621","5,560,079","23,806",0,0,0,0
210302,WEST CANADA VA,1,0,0.538,0,0,1,0,0,0,1,602,611,618,0,0,"6,340","21,212,431","18,532,575","17,393,587","13,916",0,0,0,0
210402,FRANKFORT-SCHU,1,0,0.636,10,15,15,8,0,0,7,813,804,810,"150,000","153,316","135,947","23,235,634","24,708,594","19,529,692","11,208",0,0,0,0
210601,HERKIMER,1,0,0.405,2,2,0,0,0,2,0,"1,102","1,118","1,109",0,"8,632",0,"32,776,543","26,321,187","24,100,889","11,537",0,0,0,0
210800,LITTLE FALLS,1,0,0.426,0,0,0,0,0,0,0,949,968,978,0,0,0,"31,224,407","28,325,321","25,734,701","14,527",0,0,0,0
211003,DOLGEVILLE,1,0,0.438,0,0,0,0,0,0,0,719,745,746,0,0,0,"21,389,611","17,710,023","16,954,615","11,045",0,0,0,0
211103,POLAND,1,0,0.760,2,0,2,2,2,0,0,485,498,502,"25,000",0,"25,644","17,548,973","14,782,912","13,414,523","13,082",0,0,0,0
211701,VAN HORNSVILLE,1,0,0.699,0,0,0,0,0,0,0,148,156,157,0,0,0,"7,046,181","6,021,240","5,959,350","13,599",0,0,0,0
211901,TOWN OF WEBB,1,0,5.795,0,0,0,0,0,0,0,189,203,209,0,0,0,"11,202,845","9,580,555","9,575,075","22,219",0,0,0,0
212001,MT MARKHAM CSD,1,0,0.432,0,0,0,0,0,0,0,991,"1,024","1,035",0,0,0,"30,887,979","28,535,198","28,927,338","13,231",0,0,0,0
212101,CENTRAL VALLEY,1,1,0.301,3,3,4,6,0,0,0,"2,023","2,036","2,049","45,000","26,300","52,070","58,663,416","58,309,993","47,540,611","10,419",0,0,0,0
220101,S. JEFFERSON,1,0,0.413,0,0,0,0,0,0,0,"1,751","1,749","1,797",0,0,0,"42,483,308","36,890,639","33,213,837","11,296",0,0,0,0
220202,ALEXANDRIA,1,0,1.110,0,0,0,0,0,0,0,437,428,441,0,0,0,"15,902,241","14,441,894","13,149,157","13,883",0,0,0,0
220301,INDIAN RIVER,1,0,0.228,0,0,0,1,0,0,0,"3,461","3,458","3,436",0,0,0,"92,864,657","87,830,781","84,375,110","8,425",0,0,0,0
220401,GENERAL BROWN,1,0,0.546,0,0,0,0,0,0,0,"1,317","1,362","1,341",0,0,0,"27,916,460","24,923,169","22,430,855","10,462",0,0,0,0
220701,THOUSAND ISLAN,1,0,1.042,0,0,0,4,0,0,0,792,825,820,0,0,"40,637","22,300,000","26,849,517","20,002,533","12,947",0,0,0,0
220909,BELLEVILLE-HEN,1,0,0.830,0,0,0,0,0,0,0,484,482,481,0,0,0,"12,653,250","11,116,957","10,926,388","9,807",0,0,0,0
221001,SACKETS HARBOR,1,0,0.836,0,0,0,0,0,0,0,371,375,364,0,0,0,"9,959,784","9,130,463","8,893,620","11,892",0,0,0,0
221301,LYME,1,0,0.921,0,0,0,0,0,0,0,334,323,322,0,0,0,"8,984,952","8,180,407","8,216,179","15,605",0,0,0,0
221401,LA FARGEVILLE,1,0,0.730,0,0,0,0,0,0,0,444,463,456,0,0,0,"11,281,970","11,298,002","10,224,442","11,679",0,0,0,0
222000,WATERTOWN,1,0,0.419,0,0,0,0,0,0,0,"4,014","3,960","3,960",0,0,0,"81,956,825","65,811,737","61,182,047","10,914",0,0,0,0
222201,CARTHAGE,1,0,0.284,0,0,0,0,0,0,0,"2,982","2,886","2,889",0,0,0,"69,204,529","59,941,170","57,744,975","9,585",0,0,0,0
230201,COPENHAGEN,1,0,0.519,0,0,0,0,0,0,0,403,390,404,0,0,0,"12,026,424","11,832,373","10,647,086","11,278",0,0,0,0
230301,HARRISVILLE,1,0,0.567,0,0,0,0,0,0,0,315,304,320,0,0,0,"11,462,651","11,343,072","10,921,874","15,961",0,0,0,0
230901,LOWVILLE,1,0,0.485,0,0,0,0,0,0,0,"1,185","1,183","1,194",0,0,0,"30,147,792","29,192,445","25,861,176","11,100",0,0,0,0
231101,SOUTH LEWIS,1,0,0.571,0,0,0,0,0,0,0,999,975,917,0,0,0,"30,024,550","27,879,840","25,397,649","14,885",0,0,0,0
231301,BEAVER RIVER,1,0,0.528,0,0,0,0,0,0,0,830,836,806,0,0,0,"20,621,291","17,650,923","16,696,497","11,448",0,0,0,0
240101,AVON,1,0,0.604,0,0,0,0,0,0,0,864,892,900,0,0,0,"22,605,736","23,258,995","19,885,096","12,710",0,0,0,0
240201,CALEDONIA MUMF,1,0,0.588,0,0,0,0,0,0,0,764,758,752,0,0,0,"18,559,381","17,855,399","17,210,091","11,829",0,0,0,0
240401,GENESEO,1,0,0.798,0,0,0,0,0,0,0,859,848,848,0,0,0,"24,223,237","21,900,698","21,338,249","13,914",0,0,0,0
240801,LIVONIA,1,0,0.700,0,0,0,0,0,0,0,"1,308","1,337","1,353",0,0,0,"38,418,655","34,927,323","36,000,229","13,261",0,0,0,0
240901,MOUNT MORRIS,1,0,0.329,0,0,0,0,0,0,0,538,543,560,0,0,0,"19,280,745","16,739,929","15,443,266","15,520",0,0,0,0
241001,DANSVILLE,1,0,0.443,0,0,0,0,0,0,0,"1,238","1,240","1,267",0,0,0,"39,554,735","32,847,441","30,603,064","13,400",0,0,0,0
241101,DALTON-NUNDA,1,0,0.530,0,0,0,0,0,0,0,500,532,574,0,0,0,"20,757,888","17,939,950","16,685,415","13,501",0,0,0,0
241701,YORK,1,0,0.489,0,0,0,0,0,0,0,659,666,678,0,0,0,"20,003,708","20,381,304","18,793,238","16,862",0,0,0,0
250109,BROOKFIELD,1,0,0.378,0,0,0,0,0,0,0,187,197,207,0,0,0,"6,874,588","6,592,683","6,764,978","15,370",0,0,0,0
250201,CAZENOVIA,1,0,1.272,2,2,3,1,0,0,2,"1,288","1,301","1,329","36,330","20,177","35,271","36,529,529","34,108,366","30,698,599","12,544",0,0,0,0
250301,DE RUYTER,1,0,0.657,2,2,2,1,0,0,1,314,314,317,"26,434","21,771","25,056","12,173,476","11,611,014","10,610,542","13,217",0,0,0,0
250401,MORRISVILLE EA,1,0,0.504,0,0,0,0,0,0,0,577,579,569,0,0,0,"18,946,228","17,893,522","17,645,171","14,097",0,0,0,0
250701,HAMILTON,1,0,0.827,0,0,0,0,0,0,0,536,528,528,0,0,0,"15,023,304","14,221,503","13,450,346","15,230",0,0,0,0
250901,CANASTOTA,1,0,0.477,0,0,0,0,0,0,0,"1,226","1,248","1,287",0,0,0,"36,668,946","34,409,664","30,703,357","11,955",0,0,0,0
251101,MADISON,1,0,0.490,0,0,0,0,0,0,0,397,412,413,0,0,0,"12,410,918","11,285,465","9,967,744","13,036",0,0,0,0
251400,ONEIDA CITY,1,0,0.499,0,0,0,0,0,0,0,"1,703","1,747","1,787",0,0,0,"52,753,613","48,874,968","44,754,024","13,312",0,0,0,0
251501,STOCKBRIDGE VA,1,0,0.374,0,0,0,0,0,0,0,389,391,394,0,0,0,"12,762,156","11,472,803","10,799,498","11,879",0,0,0,0
251601,CHITTENANGO,1,0,0.577,2,2,0,0,0,2,0,"1,847","1,816","1,844",0,"25,756",0,"45,420,345","42,347,372","41,633,878","13,375",0,0,0,0
260101,BRIGHTON,1,0,0.904,23,17,21,17,6,0,4,"3,401","3,391","3,360","357,521","295,011","334,960","93,837,223","88,244,982","86,882,130","14,868",0,0,0,0
260401,GATES CHILI,1,0,0.650,63,54,56,56,9,0,0,"3,727","3,758","3,702","850,000","758,734","749,068","128,552,415","114,962,288","126,209,911","13,011",0,0,0,0
260501,GREECE,1,0,0.552,308,320,286,270,0,34,16,"10,141","10,351","10,303","4,000,000","3,804,304","3,500,698","290,752,050","257,061,451","233,018,206","12,813",0,"261,385","82,003","343,388"
260801,E. IRONDEQUOIT,1,0,0.695,65,53,70,60,12,0,10,"2,745","2,708","2,775","1,150,000","596,975","818,576","96,773,489","83,303,438","82,415,182","13,981","134,218",0,"55,924","190,142"
260803,W. IRONDEQUOIT,1,0,0.533,38,37,33,27,1,4,6,"3,546","3,566","3,561","400,000","464,175","418,510","87,989,971","81,394,139","76,583,573","13,017",0,0,0,0
260901,HONEOYE FALLS,1,0,0.878,0,0,0,0,0,0,0,"2,046","2,023","2,062",0,0,"11,433","59,930,749","61,343,374","52,773,210","11,879",0,0,0,0
261001,SPENCERPORT,1,0,0.609,14,14,13,10,0,1,3,"3,494","3,490","3,478","163,878","167,333","161,148","92,744,041","86,011,617","84,599,837","12,882",0,0,0,0
261101,HILTON,1,0,0.568,3,2,3,4,1,0,0,"3,988","4,027","4,120","35,793","40,533","69,700","98,067,274","94,782,251","85,470,170","11,931",0,0,0,0
261201,PENFIELD,1,0,0.783,12,7,8,6,5,0,2,"4,594","4,598","4,465","115,000","120,604","99,682","116,921,215","111,283,935","126,406,942","14,208",0,0,0,0
261301,FAIRPORT,1,0,0.847,2,2,5,12,0,0,0,"5,178","5,327","5,407","25,000","25,000","58,800","151,550,757","133,132,107","129,279,907","12,280",0,0,0,0
261313,EAST ROCHESTER,1,0,0.643,1,1,3,1,0,0,2,902,902,893,0,"14,300","47,825","31,881,397","26,762,809","26,238,610","14,647",0,0,0,0
261401,PITTSFORD,1,0,1.184,1,7,6,3,0,1,3,"5,487","5,452","5,448","16,000","23,203","14,268","155,319,091","159,688,800","141,099,244","15,137",0,0,0,0
261501,CHURCHVILLE CH,1,0,0.587,26,17,22,25,9,0,0,"3,788","3,827","3,793","305,000","247,825","264,068","84,636,988","89,461,467","102,286,017","11,762",0,0,0,0
261600,ROCHESTER,1,1,0.307,"7,986","7,383","6,778","6,726",603,605,52,"28,497","28,564","29,523","119,899,603","110,006,542","99,948,704","872,849,079","760,617,549","759,022,203","14,316","6,906,038","5,196,708","297,773","12,400,519"
261701,RUSH HENRIETTA,1,0,0.791,25,27,23,20,0,4,3,"5,586","5,558","5,413","340,000","240,513","353,830","161,279,198","156,843,148","143,346,741","14,589",0,0,0,0
261801,BROCKPORT,1,0,0.540,1,1,3,2,0,0,1,"3,201","3,037","3,021","12,643","41,781","54,362","92,400,067","81,220,786","80,910,735","12,643",0,0,0,0
261901,WEBSTER,1,0,0.861,12,11,13,17,1,0,0,"7,782","7,796","7,847","200,000","216,873","221,357","188,623,334","189,869,017","179,806,740","13,401",0,0,0,0
262001,WHEATLAND CHIL,1,0,0.732,5,2,4,6,3,0,0,622,617,594,"75,000","53,892","81,780","22,242,172","20,742,301","20,473,423","18,604",0,0,0,0
270100,AMSTERDAM,1,0,0.406,2,3,2,4,0,1,0,"3,621","3,615","3,574","25,000","24,016","44,011","91,421,980","82,104,712","73,530,053","11,428",0,0,0,0
270301,CANAJOHARIE,1,0,0.460,0,0,0,0,0,0,0,771,792,814,0,0,0,"25,128,083","21,973,139","20,975,473","12,596",0,0,0,0
270601,FONDA FULTONVI,1,0,0.521,0,0,0,0,0,0,0,"1,192","1,202","1,193",0,0,0,"33,233,572","27,035,530","27,524,539","11,407",0,0,0,0
270701,FORT PLAIN,1,0,0.406,0,0,0,0,0,0,0,641,672,644,0,0,0,"23,320,000","20,315,479","18,196,888","13,045",0,0,0,0
271201,OP-EPH-ST JHNS,1,1,0.394,0,0,0,0,0,0,0,678,712,712,0,0,0,"23,494,388","24,344,648","17,534,143","13,185",0,0,0,0
280100,GLEN COVE,1,0,1.261,7,5,6,6,2,0,0,"3,213","3,190","3,179","235,000","83,112","196,608","108,007,870","104,345,544","94,143,217","21,520",0,0,0,0
280201,HEMPSTEAD,1,1,0.268,"3,142","2,961","2,694","2,337",181,267,357,"9,017","8,808","8,913","75,795,626","67,072,047","57,750,217","299,399,868","260,802,852","239,315,340","24,505","3,548,324","3,925,701","3,499,314","10,973,339"
280202,UNIONDALE,1,0,0.672,853,759,653,501,94,106,152,"6,847","6,719","6,843","21,500,000","17,382,400","15,213,209","256,006,720","232,501,172","217,953,109","23,868","1,794,874","1,518,005","1,451,174","4,764,053"
280203,EAST MEADOW,1,0,0.823,13,11,11,4,2,0,7,"7,911","7,808","7,548","315,720","257,940","194,387","237,954,055","227,275,166","217,975,370","17,471",0,0,0,0
280204,NORTH BELLMORE,1,0,0.836,1,2,2,0,0,0,2,"2,114","2,048","2,059","37,395","17,474","23,149","64,588,702","60,405,323","61,370,472","17,416",0,0,0,0
280205,LEVITTOWN,1,0,0.701,2,2,3,1,0,0,2,"7,176","7,172","7,128","105,000","84,009","88,266","256,404,707","269,000,656","203,826,789","18,400",0,0,0,0
280206,SEAFORD,1,0,1.070,0,0,0,0,0,0,0,"2,185","2,201","2,188",0,0,0,"80,479,174","77,370,492","70,988,195","17,804",0,0,0,0
280207,BELLMORE,1,0,1.225,1,1,1,1,0,0,0,"1,032",973,953,"22,270","21,210","21,147","38,321,080","34,605,222","34,279,049","21,708",0,0,0,0
280208,ROOSEVELT,1,0,0.354,616,553,485,401,63,68,84,"3,635","3,586","3,583","10,735,206","10,133,080","8,693,237","137,489,724","122,729,764","110,550,401","18,964","955,786","773,731","637,190","2,366,707"
280209,FREEPORT,1,0,0.503,118,106,99,82,12,7,17,"6,462","6,573","6,558","1,846,490","1,846,490","1,518,594","192,997,947","193,160,552","175,990,407","17,921",0,0,0,0
280210,BALDWIN,1,0,0.820,49,45,48,41,4,0,7,"4,530","4,520","4,515","915,000","775,378","814,282","157,758,546","149,160,353","143,330,394","17,405",0,0,0,0
280211,OCEANSIDE,1,0,1.266,5,3,5,1,2,0,4,"5,295","5,338","5,403","48,987","48,522","80,975","188,976,833","159,400,634","156,082,354","16,329",0,0,0,0
280212,MALVERNE,1,0,0.948,12,10,11,16,2,0,0,"1,884","1,858","1,791","272,394","243,098","316,265","68,033,009","62,783,908","62,572,760","22,087",0,0,0,0
280213,V STR THIRTEEN,1,1,0.765,8,1,3,2,7,0,1,"1,925","1,918","1,873","144,000","116,498","100,084","63,810,620","57,550,278","54,277,246","17,344",0,0,0,0
280214,HEWLETT WOODME,1,0,1.588,2,1,1,0,1,0,1,"2,722","2,771","2,748","48,778","24,217","23,859","135,017,834","140,443,541","121,375,968","24,389",0,0,0,0
280215,LAWRENCE,1,0,4.140,1,2,3,3,0,0,0,"2,241","2,302","2,295","75,000","72,000","72,744","102,850,379","103,998,978","96,257,252","19,566",0,0,0,0
280216,ELMONT,1,0,0.815,26,21,21,18,5,0,3,"3,192","3,193","3,203","440,000","341,906","290,590","111,153,590","94,055,601","90,778,781","16,052",0,0,0,0
280217,FRANKLIN SQUAR,1,0,0.948,3,3,4,5,0,0,0,"1,798","1,790","1,818","140,000","48,143","43,542","48,189,060","45,860,859","42,980,878","15,685",0,0,0,0
280218,GARDEN CITY,1,0,2.185,4,6,2,1,0,4,1,"3,968","3,951","3,960","79,604","74,396",0,"129,338,648","129,819,660","116,964,169","19,064",0,0,0,0
280219,EAST ROCKAWAY,1,0,1.168,4,1,0,0,3,1,0,"1,139","1,153","1,119","80,000","21,009",0,"43,959,964","46,734,825","41,051,531","20,051",0,0,0,0
280220,LYNBROOK,1,0,1.126,1,1,2,4,0,0,0,"2,754","2,763","2,753","20,559","7,946","24,739","101,839,388","94,823,728","89,364,023","19,673",0,0,0,0
280221,ROCKVILLE CENT,1,0,1.579,6,6,4,3,0,2,1,"3,333","3,404","3,456","65,000","114,796","59,065","136,456,495","126,578,960","121,630,918","21,044",0,0,0,0
280222,FLORAL PARK,1,0,1.142,3,0,0,0,3,0,0,"1,444","1,456","1,470","36,000","16,149","15,970","38,957,796","34,452,084","33,038,997","16,503",0,0,0,0
280223,WANTAGH,1,0,1.006,0,0,0,0,0,0,0,"2,764","2,793","2,782",0,0,0,"88,609,011","87,192,154","80,260,946","15,279",0,0,0,0
280224,V STR TWENTY-F,1,1,0.774,5,5,5,6,0,0,0,"1,097","1,060","1,050","48,000","101,479","94,034","37,019,209","33,588,491","31,513,311","22,627",0,0,0,0
280225,MERRICK,1,0,1.181,1,1,1,0,0,0,1,"1,587","1,597","1,548","25,000","19,677","19,306","58,922,891","53,956,575","52,244,138","19,860",0,0,0,0
280226,ISLAND TREES,1,0,0.842,2,0,0,1,2,0,0,"2,265","2,203","2,211","18,000",0,0,"77,948,373","70,672,977","67,517,634","17,031",0,0,0,0
280227,WEST HEMPSTEAD,1,0,1.351,22,22,14,14,0,8,0,"1,640","1,608","1,695","450,750","407,672","291,008","74,125,177","68,384,204","66,126,582","18,215",0,0,0,0
280229,NORTH MERRICK,1,0,0.783,2,0,0,0,2,0,0,"1,214","1,213","1,204","41,000","39,346",0,"38,885,897","36,049,286","34,275,041","19,801",0,0,0,0
280230,VALLEY STR UF,1,1,0.687,5,5,3,5,0,2,0,"1,375","1,354","1,372","110,000","82,324","57,228","44,725,456","40,089,645","45,854,482","19,798",0,0,0,0
280231,ISLAND PARK,1,0,2.206,1,1,0,0,0,1,0,"1,014",978,980,"34,000","33,246",0,"43,291,899","37,359,408","36,165,043","30,496",0,0,0,0
280251,VALLEY STR CHS,1,1,0.743,17,9,8,4,8,1,4,"4,758","4,721","4,788","125,000","122,626","94,164","149,371,012","145,219,057","137,577,516","16,576",0,0,0,0
280252,SEWANHAKA,1,0,0.973,9,9,10,10,0,0,0,"7,849","7,874","7,926","200,000","199,285","173,150","244,691,452","219,734,409","216,253,811","14,545",0,0,0,0
280253,BELLMORE-MERRI,1,0,0.985,3,3,3,1,0,0,2,"5,266","5,243","5,187","47,379",0,0,"188,863,521","170,973,245","165,213,676","15,793",0,0,0,0
280300,LONG BEACH,1,0,1.901,5,4,8,7,1,0,1,"3,078","3,124","3,158","207,000","116,955","180,325","151,631,248","157,864,375","150,660,846","23,742",0,0,0,0
280401,WESTBURY,1,0,0.581,110,89,83,69,21,6,14,"4,661","4,731","4,882","2,416,824","1,991,587","1,767,781","186,564,086","171,002,966","154,933,513","22,378","375,950",0,0,"375,950"
280402,EAST WILLISTON,1,0,1.958,0,0,0,0,0,0,0,"1,611","1,607","1,642",0,0,0,"68,889,274","64,616,602","66,461,471","22,710",0,0,0,0
280403,ROSLYN,1,0,1.997,2,2,0,0,0,2,0,"3,314","3,284","3,297","66,000","41,409","22,032","127,692,327","118,645,718","112,378,651","22,785",0,0,0,0
280404,PORT WASHINGTO,1,0,2.007,0,0,0,0,0,0,0,"5,235","5,224","5,194",0,0,0,"184,265,293","172,485,814","163,216,211","23,895",0,0,0,0
280405,NEW HYDE PARK,1,0,1.162,2,1,1,1,1,0,0,"1,463","1,534","1,541","32,490","34,776","29,064","46,999,885","54,474,497","39,144,501","16,763",0,0,0,0
280406,MANHASSET,1,0,2.993,2,0,0,0,2,0,0,"3,040","3,020","3,032",0,"2,270",0,"107,733,004","103,736,829","103,965,260","22,228",0,0,0,0
280407,GREAT NECK,1,0,2.443,0,0,0,0,0,0,0,"6,603","6,612","6,545",0,0,0,"272,138,300","251,958,781","238,053,790","24,027",0,0,0,0
280409,HERRICKS,1,0,1.275,1,0,0,0,1,0,0,"4,322","4,258","4,136","19,075",0,0,"134,719,970","123,913,929","122,370,529","18,373",0,0,0,0
280410,MINEOLA,1,0,1.680,3,1,4,2,2,0,2,"2,796","2,794","2,788","105,000","74,517","115,878","109,652,819","104,697,089","110,419,288","27,241",0,0,0,0
280411,CARLE PLACE,1,0,1.660,1,1,1,0,0,0,1,"1,286","1,261","1,261","21,587","21,519","27,683","54,770,517","54,007,717","54,430,085","21,973",0,0,0,0
280501,NORTH SHORE,1,0,2.047,0,0,0,0,0,0,0,"2,549","2,570","2,543",0,0,0,"120,354,394","116,565,646","111,338,167","26,500",0,0,0,0
280502,SYOSSET,1,0,1.661,0,0,0,0,0,0,0,"7,016","6,939","6,797",0,0,0,"274,562,660","253,778,649","240,017,171","22,190",0,0,0,0
280503,LOCUST VALLEY,1,0,3.202,0,0,0,0,0,0,0,"1,855","1,921","1,912",0,0,0,"93,921,638","89,851,506","86,822,400","25,005",0,0,0,0
280504,PLAINVIEW,1,0,1.213,0,0,0,1,0,0,0,"5,359","5,243","5,095",0,0,0,"183,072,840","177,719,472","159,648,421","19,684",0,0,0,0
280506,OYSTER BAY,1,0,3.544,0,0,0,0,0,0,0,"1,359","1,368","1,399",0,0,0,"64,414,491","60,457,422","59,628,904","25,087",0,0,0,0
280515,JERICHO,1,0,2.131,0,0,0,0,0,0,0,"3,248","3,236","3,186",0,0,0,"135,149,020","129,045,053","125,433,426","25,613",0,0,0,0
280517,HICKSVILLE,1,0,1.231,17,8,8,3,9,0,5,"5,360","5,383","5,279","306,000","236,481","94,343","167,806,762","153,440,677","145,059,159","17,554",0,0,0,0
280518,PLAINEDGE,1,0,0.973,0,0,0,0,0,0,0,"2,811","2,779","2,773",0,0,0,"100,714,559","98,162,552","95,195,787","17,041",0,0,0,0
280521,BETHPAGE,1,0,1.051,0,1,1,2,0,0,0,"3,066","2,991","2,942",0,0,0,"102,062,376","95,044,402","88,856,947","19,074",0,0,0,0
280522,FARMINGDALE,1,0,1.076,2,2,1,1,0,1,0,"5,260","5,216","5,335","40,000","30,536","18,454","194,282,360","181,412,602","180,972,601","19,621",0,0,0,0
280523,MASSAPEQUA,1,0,1.271,0,1,1,1,0,0,0,"6,546","6,544","6,564",0,0,0,"227,752,358","216,828,516","208,890,347","17,941",0,0,0,0
300000,NEW YORK CITY,1,1,1.104,"121,922","117,060","116,957","115,126",0,0,0,0,0,0,"3,298,741,727","3,214,232,498","2,748,951,779","31,633,443,222","30,548,385,070","29,551,484,462","18,340",0,0,0,0
400301,LEWISTON PORTE,1,0,1.019,0,0,1,4,0,0,0,"1,901","1,877","1,915",0,"6,700","4,386","54,064,912","50,292,124","47,643,039","13,842",0,0,0,0
400400,LOCKPORT,1,0,0.510,26,26,26,29,0,0,0,"4,307","4,402","4,374","400,000","315,781","292,070","123,504,664","112,210,047","104,508,486","12,352",0,0,0,0
400601,NEWFANE,1,0,0.562,0,0,0,0,0,0,0,"1,277","1,273","1,297",0,0,0,"37,369,653","35,493,637","33,516,953","11,787",0,0,0,0
400701,NIAGARA WHEATF,1,0,0.676,21,22,20,17,0,2,3,"3,279","3,270","3,322","263,000","256,118","211,992","90,476,251","93,124,928","76,997,931","12,059",0,0,0,0
400800,NIAGARA FALLS,1,0,0.325,326,315,332,309,11,0,23,"6,885","6,904","7,074","4,597,100","4,318,131","4,405,455","181,504,208","159,776,346","148,323,636","12,691","111,681",0,"116,757","228,438"
400900,N. TONAWANDA,1,0,0.647,30,30,31,32,0,0,0,"3,229","3,204","3,241","369,000","428,117","415,217","85,120,000","69,642,464","69,765,914","12,142",0,0,0,0
401001,STARPOINT,1,0,0.660,0,0,0,0,0,0,0,"2,910","2,955","2,926",0,0,0,"64,954,038","59,229,063","55,070,369","12,030",0,0,0,0
401201,ROYALTON HARTL,1,0,0.537,0,0,0,1,0,0,0,"1,128","1,149","1,175",0,0,0,"30,411,403","25,591,007","23,885,468","11,206",0,0,0,0
401301,BARKER,1,0,0.526,0,0,0,0,0,0,0,645,635,665,0,0,0,"18,185,854","22,064,692","16,760,003","13,698",0,0,0,0
401501,WILSON,1,0,0.670,0,0,0,0,0,0,0,980,991,"1,011",0,0,0,"29,207,016","26,368,198","25,311,557","12,487",0,0,0,0
410401,ADIRONDACK,1,0,0.611,0,0,0,0,0,0,0,"1,107","1,119","1,118",0,0,0,"32,801,498","30,547,506","29,656,004","13,609",0,0,0,0
410601,CAMDEN,1,0,0.449,0,0,0,0,0,0,0,"1,918","1,911","1,932",0,0,0,"56,326,031","53,370,043","57,625,526","10,529",0,0,0,0
411101,CLINTON,1,0,0.722,0,0,1,1,0,0,0,"1,205","1,250","1,282",0,0,"6,453","30,808,153","32,097,082","28,045,908","13,827",0,0,0,0
411501,NEW HARTFORD,1,0,0.744,5,8,4,8,0,4,0,"2,547","2,598","2,542","75,378","99,125","49,760","62,893,741","58,529,392","55,832,435","12,563",0,0,0,0
411504,NEW YORK MILLS,1,0,0.680,3,2,3,5,1,0,0,599,578,530,"30,000","27,098","39,780","16,415,975","14,713,536","13,596,603","14,057",0,0,0,0
411603,SAUQUOIT VALLE,1,0,0.512,1,2,3,6,0,0,0,969,981,984,"45,000","22,982","65,290","24,948,398","23,067,735","23,337,074","14,129",0,0,0,0
411701,REMSEN,1,0,0.595,0,0,0,0,0,0,0,384,388,403,0,0,0,"13,873,029","12,191,208","12,529,033","19,024",0,0,0,0
411800,ROME,1,0,0.359,4,4,6,4,0,0,2,"5,224","5,312","5,303","30,000","56,369","78,108","136,292,454","129,739,887","117,511,992","14,583",0,0,0,0
411902,WATERVILLE,1,0,0.465,0,0,0,0,0,0,0,719,719,735,0,0,0,"20,959,619","18,971,135","18,208,184","13,217",0,0,0,0
412000,SHERRILL,1,0,0.505,0,0,0,0,0,0,0,"1,767","1,749","1,749",0,0,0,"44,079,101","42,037,479","40,116,714","12,131",0,0,0,0
412201,HOLLAND PATENT,1,0,0.585,2,2,0,0,0,2,0,"1,229","1,231","1,228","25,844","21,026",0,"36,269,196","35,271,032","32,384,900","12,922",0,0,0,0
412300,UTICA,1,0,0.243,839,825,741,694,14,84,47,"10,231","10,255","10,266","9,363,000","9,263,250","7,962,863","240,445,831","201,255,982","184,429,241","11,883","133,090","598,903","223,400","955,393"
412801,WESTMORELAND,1,0,0.532,0,0,0,0,0,0,0,835,848,842,0,0,0,"25,208,049","22,826,942","22,150,330","12,137",0,0,0,0
412901,ORISKANY,1,0,0.643,0,0,0,0,0,0,0,543,529,529,0,0,0,"15,667,177","14,847,360","16,213,233","13,279",0,0,0,0
412902,WHITESBORO,1,0,0.586,17,17,13,7,0,4,6,"3,049","3,096","3,163","145,000","150,220","130,678","80,101,970","75,070,887","69,874,626","12,500",0,0,0,0
420101,WEST GENESEE,1,0,0.637,23,24,27,19,0,0,8,"4,508","4,467","4,469","285,000","279,871","325,875","105,749,050","94,523,332","91,353,700","12,652",0,0,0,0
420303,NORTH SYRACUSE,1,0,0.607,56,51,45,40,5,6,5,"7,810","7,957","7,951","645,000","645,256","539,949","203,270,342","183,192,777","176,443,191","13,189",0,0,0,0
420401,E SYRACUSE-MIN,1,0,0.616,9,4,2,8,5,2,0,"3,070","3,067","3,041","130,000","64,844","39,171","97,585,195","89,575,218","85,443,509","16,309",0,0,0,0
420411,JAMESVILLE-DEW,1,0,1.002,2,3,0,2,0,3,0,"2,421","2,465","2,549","27,414","51,132","8,723","69,060,156","65,225,645","58,662,752","12,986",0,0,0,0
420501,JORDAN ELBRIDG,1,0,0.558,0,0,0,0,0,0,0,"1,069","1,095","1,143",0,0,0,"35,973,766","32,822,403","31,120,475","14,484",0,0,0,0
420601,FABIUS-POMPEY,1,0,0.691,0,0,0,1,0,0,0,611,619,630,0,0,0,"20,839,633","19,025,662","18,505,785","13,818",0,0,0,0
420701,WESTHILL,1,0,0.643,19,15,14,15,4,1,0,"1,737","1,756","1,745","180,000","214,507","143,415","47,545,936","42,333,579","39,532,945","12,980",0,0,0,0
420702,SOLVAY,1,0,0.493,32,25,27,21,7,0,6,"1,300","1,299","1,315","425,000","291,583","369,987","41,480,000","35,707,833","36,071,645","13,196","73,898",0,"31,670","105,568"
420807,LA FAYETTE,1,0,0.584,3,2,3,3,1,0,0,754,738,765,"50,000","61,802","54,924","28,627,854","26,989,560","25,108,191","19,604",0,0,0,0
420901,BALDWINSVILLE,1,0,0.628,4,3,5,4,1,0,1,"5,279","5,316","5,396","52,000","28,416","41,887","129,154,122","120,163,092","112,523,465","13,687",0,0,0,0
421001,FAYETTEVILLE,1,0,0.916,2,3,2,2,0,1,0,"4,167","4,166","4,136","50,000","36,972","26,374","104,966,845","98,703,726","99,634,104","13,346",0,0,0,0
421101,MARCELLUS,1,0,0.786,1,1,0,0,0,1,0,"1,335","1,367","1,413","16,180","7,880",0,"40,202,463","38,044,137","35,458,372","12,176",0,0,0,0
421201,ONONDAGA,1,0,0.645,7,5,2,0,2,3,2,765,776,777,"100,000","66,405","30,433","25,797,969","23,190,860","21,308,619","14,786",0,0,0,0
421501,LIVERPOOL,1,0,0.605,52,38,37,36,14,1,1,"6,792","6,855","6,853","615,924","526,583","595,567","184,364,465","167,070,201","170,260,947","14,609",0,0,0,0
421504,LYNCOURT,1,0,0.367,14,17,14,10,0,3,4,587,576,570,"354,000","233,328","258,223","15,650,000","12,076,725","12,502,252","20,816",0,"37,469","33,306","70,775"
421601,SKANEATELES,1,0,2.063,0,0,0,0,0,0,0,"1,201","1,228","1,224",0,0,0,"39,546,615","36,230,099","34,048,946","13,635",0,0,0,0
421800,SYRACUSE,1,1,0.289,"2,412","2,329","2,172","2,173",83,157,0,"19,690","19,902","20,110","36,338,133","32,840,183","30,257,077","521,409,588","451,084,408","421,458,349","14,128","938,099","1,330,858",0,"2,268,957"
421902,TULLY,1,0,0.760,4,3,4,1,1,0,3,721,715,703,"34,212","28,228","31,595","23,595,071","21,582,356","21,066,357","11,413",0,0,0,0
430300,CANANDAIGUA,1,0,0.788,0,0,0,0,0,0,0,"3,144","3,197","3,226",0,0,0,"88,296,097","78,423,532","76,462,706","12,078",0,0,0,0
430501,EAST BLOOMFIEL,1,0,0.703,0,0,0,0,0,0,0,743,792,781,0,0,0,"24,056,004","22,640,715","21,318,432","12,412",0,0,0,0
430700,GENEVA,1,0,0.478,0,0,0,1,0,0,0,"2,025","2,045","2,081",0,0,0,"68,042,864","52,635,139","57,688,980","15,910",0,0,0,0
430901,GORHAM-MIDDLES,1,0,0.985,0,0,0,0,0,0,0,"1,052","1,078","1,108",0,0,0,"36,542,330","37,136,779","33,674,864","14,696",0,0,0,0
431101,MANCHSTR-SHRTS,1,0,0.530,0,0,0,0,0,0,0,714,700,750,0,0,0,"22,332,392","21,075,610","19,140,686","13,329",0,0,0,0
431201,NAPLES,1,0,1.170,0,0,0,0,0,0,0,563,576,603,0,0,0,"23,051,951","20,112,213","23,726,000","14,923",0,0,0,0
431301,PHELPS-CLIFTON,1,0,0.468,0,0,0,0,0,0,0,"1,485","1,513","1,505",0,0,0,"44,472,644","38,527,413","36,757,344","13,460",0,0,0,0
431401,HONEOYE,1,0,1.110,0,0,1,0,0,0,1,546,545,534,0,0,"2,289","19,158,026","16,407,342","16,020,250","13,434",0,0,0,0
431701,VICTOR,1,0,0.855,1,1,1,2,0,0,0,"4,184","4,180","4,235","45,000","13,971","11,631","98,927,682","85,207,518","76,224,602","12,403",0,0,0,0
440102,WASHINGTONVILL,1,0,0.673,2,2,2,2,0,0,0,"3,919","3,907","3,836",0,0,0,"124,356,502","109,268,088","104,516,107","15,848",0,0,0,0
440201,CHESTER,1,0,0.745,0,0,0,0,0,0,0,934,954,975,0,0,0,"34,771,419","31,095,853","29,074,535","17,038",0,0,0,0
440301,CORNWALL,1,0,0.726,0,0,0,0,0,0,0,"3,033","3,006","3,031",0,0,0,"87,242,687","81,361,723","71,738,182","13,242",0,0,0,0
440401,PINE BUSH,1,0,0.594,0,1,1,1,0,0,0,"4,648","4,675","4,729",0,0,0,"135,629,641","122,416,470","130,558,924","13,392",0,0,0,0
440601,GOSHEN,1,0,0.849,0,0,0,0,0,0,0,"2,829","2,874","2,914",0,0,0,"89,119,147","80,700,507","83,602,166","17,870",0,0,0,0
440901,HIGHLAND FALLS,1,0,0.529,0,0,0,0,0,0,0,956,954,983,0,0,0,"38,217,832","35,516,171","33,583,866","17,287",0,0,0,0
441000,MIDDLETOWN,1,0,0.447,4,2,1,3,2,1,0,"7,452","7,530","7,496","63,100","61,523","60,268","253,659,540","229,859,258","229,356,789","16,816",0,0,0,0
441101,MINISINK VALLE,1,0,0.606,0,0,0,0,0,0,0,"3,589","3,596","3,529",0,0,0,"112,735,897","101,068,224","94,242,573","13,395",0,0,0,0
441201,MONROE WOODBUR,1,0,0.690,3,0,0,0,3,0,0,"6,503","6,605","6,685",0,0,"30,070","212,515,925","197,451,901","189,427,103","16,117",0,0,0,0
441202,KIRYAS JOEL,1,1,4.420,0,0,0,0,0,0,0,122,123,121,0,0,0,"29,497,297","23,750,140","22,824,122","47,592",0,0,0,0
441301,VALLEY-MONTGMR,1,0,0.670,0,0,0,0,0,0,0,"4,179","4,105","4,035",0,0,0,"125,850,000","127,204,529","105,754,227","13,787",0,0,0,0
441600,NEWBURGH,1,0,0.485,6,0,0,2,6,0,0,"10,831","10,782","10,723","192,610","93,336",486,"335,443,816","302,028,504","288,553,147","18,149",0,0,0,0
441800,PORT JERVIS,1,0,0.420,0,0,0,0,0,0,0,"2,371","2,412","2,478",0,0,0,"90,578,206","83,835,243","80,155,185","13,564",0,0,0,0
441903,TUXEDO,1,0,5.957,0,0,0,0,0,0,0,198,205,221,0,0,0,"14,620,629","16,182,488","13,969,685","16,975",0,0,0,0
442101,WARWICK VALLEY,1,0,0.880,0,0,0,0,0,0,0,"3,564","3,616","3,519",0,0,0,"109,127,179","99,289,881","101,772,957","13,908",0,0,0,0
442111,GREENWOOD LAKE,1,0,0.955,0,0,0,0,0,0,0,675,690,702,0,0,0,"28,096,185","26,119,687","25,063,025","19,851",0,0,0,0
442115,FLORIDA,1,0,0.841,0,0,0,0,0,0,0,700,690,734,0,0,0,"25,328,515","23,426,561","22,584,631","16,108",0,0,0,0
450101,ALBION,1,0,0.434,0,0,0,0,0,0,0,"1,722","1,704","1,730",0,0,0,"41,814,847","32,354,984","57,672,086","11,437",0,0,0,0
450607,KENDALL,1,0,0.510,0,0,0,0,0,0,0,642,651,678,0,0,0,"17,185,096","17,042,437","17,491,262","13,656",0,0,0,0
450704,HOLLEY,1,0,0.477,0,0,0,0,0,0,0,931,933,936,0,0,0,"28,920,001","29,188,560","24,413,170","11,011",0,0,0,0
450801,MEDINA,1,0,0.422,0,0,0,0,0,0,0,"1,353","1,371","1,337",0,0,0,"40,095,815","38,449,537","36,546,248","11,829",0,0,0,0
451001,LYNDONVILLE,1,0,0.487,0,0,0,0,0,0,0,547,551,564,0,0,0,"16,939,491","14,845,226","14,507,203","12,897",0,0,0,0
460102,ALTMAR PARISH,1,0,0.453,0,0,0,0,0,0,0,992,"1,050","1,030",0,0,0,"36,918,635","33,136,941","38,525,287","13,897",0,0,0,0
460500,FULTON,1,0,0.338,0,0,0,0,0,0,0,"3,093","3,162","3,154",0,0,0,"84,395,000","78,540,585","73,996,678","13,336",0,0,0,0
460701,HANNIBAL,1,0,0.342,0,0,0,0,0,0,0,"1,217","1,161","1,182",0,0,0,"36,482,802","35,492,878","33,077,274","11,420",0,0,0,0
460801,CENTRAL SQUARE,1,0,0.539,0,0,1,0,0,0,1,"3,464","3,494","3,508",0,0,"10,761","93,045,211","84,929,430","85,618,996","11,269",0,0,0,0
460901,MEXICO,1,0,0.529,0,0,0,0,0,0,0,"1,965","1,945","1,893",0,0,0,"62,882,979","57,629,341","55,118,207","13,841",0,0,0,0
461300,OSWEGO,1,0,0.501,0,0,0,0,0,0,0,"3,569","3,532","3,501",0,0,0,"100,523,950","97,611,866","89,204,743","13,558",0,0,0,0
461801,PULASKI,1,0,0.590,0,0,0,0,0,0,0,892,903,904,0,0,0,"30,495,000","26,453,261","25,598,660","14,245",0,0,0,0
461901,SANDY CREEK,1,0,0.536,0,0,0,0,0,0,0,742,742,736,0,0,0,"26,386,330","25,053,817","21,899,803","15,304",0,0,0,0
462001,PHOENIX,1,0,0.512,0,1,0,0,0,1,0,"1,627","1,643","1,662",0,0,0,"48,749,941","47,562,605","49,110,305","13,230",0,0,0,0
470202,GLBTSVLLE-MT U,1,0,0.565,0,0,0,0,0,0,0,326,327,331,0,0,0,"10,897,688","10,989,651","9,312,727","14,333",0,0,0,0
470501,EDMESTON,1,0,0.611,0,0,0,0,0,0,0,368,343,339,0,0,0,"11,234,318","10,662,798","9,935,993","13,638",0,0,0,0
470801,LAURENS,1,0,0.567,0,0,0,0,0,0,0,292,297,298,0,0,0,"11,073,275","10,105,345","8,895,804","11,871",0,0,0,0
470901,SCHENEVUS,1,0,0.583,0,0,0,0,0,0,0,254,260,277,0,0,0,"10,593,751","9,733,972","9,244,603","14,505",0,0,0,0
471101,MILFORD,1,0,0.677,0,0,0,0,0,0,0,324,317,347,0,0,0,"11,641,001","10,342,172","10,407,106","15,303",0,0,0,0
471201,MORRIS,1,0,0.555,0,0,0,0,0,0,0,292,297,305,0,0,0,"10,409,067","9,159,394","9,433,312","11,798",0,0,0,0
471400,ONEONTA,1,0,0.637,0,0,0,0,0,0,0,"1,664","1,662","1,605",0,0,0,"46,210,485","42,116,100","39,419,749","14,182",0,0,0,0
471601,OTEGO-UNADILLA,1,0,0.530,0,0,0,0,0,0,0,759,767,724,0,0,0,"24,049,231","22,090,794","21,490,112","12,799",0,0,0,0
471701,COOPERSTOWN,1,0,1.259,0,0,0,0,0,0,0,766,762,783,0,0,0,"22,675,443","19,987,213","18,789,115","14,060",0,0,0,0
472001,RICHFIELD SPRI,1,0,0.670,0,0,0,0,0,0,0,423,418,407,0,0,0,"14,078,329","11,829,621","11,487,283","12,377",0,0,0,0
472202,CHERRY VLY-SPR,1,0,0.805,0,0,0,0,0,0,0,431,441,429,0,0,0,"14,601,663","13,317,564","12,755,355","15,158",0,0,0,0
472506,WORCESTER,1,0,0.518,0,0,0,0,0,0,0,313,334,314,0,0,0,"12,158,746","10,429,529","10,147,771","13,958",0,0,0,0
480101,MAHOPAC,1,0,0.919,0,0,0,0,0,0,0,"3,895","3,841","3,842",0,0,0,"137,960,937","126,796,502","120,052,651","15,429",0,0,0,0
480102,CARMEL,1,0,0.945,0,0,0,0,0,0,0,"3,747","3,799","3,843",0,0,0,"140,949,698","134,493,064","126,587,144","17,378",0,0,0,0
480401,HALDANE,1,0,1.526,0,0,0,0,0,0,0,744,750,736,0,0,0,"28,234,680","25,944,397","24,716,711","15,811",0,0,0,0
480404,GARRISON,1,0,2.922,0,0,0,0,0,0,0,284,307,301,0,0,0,"12,564,788","11,216,113","11,561,856","22,065",0,0,0,0
480503,PUTNAM VALLEY,1,0,0.951,0,0,0,0,0,0,0,"1,533","1,569","1,595",0,0,0,"58,145,135","55,338,588","50,524,245","18,487",0,0,0,0
480601,BREWSTER,1,0,1.054,0,0,0,0,0,0,0,"2,952","2,966","3,005",0,0,0,"115,708,974","116,936,400","95,394,415","18,579",0,0,0,0
490101,BERLIN,1,0,0.821,0,0,0,0,0,0,0,640,645,647,0,0,0,"22,961,015","23,098,915","21,916,787","15,059",0,0,0,0
490202,BRUNSWICK CENT,1,0,0.895,9,10,7,7,0,3,0,"1,049","1,064","1,083","142,000","115,555","88,747","27,776,808","25,236,379","26,307,311","12,816",0,0,0,0
490301,EAST GREENBUSH,1,0,0.845,10,10,14,17,0,0,0,"4,116","4,103","4,072","293,000","196,960","213,068","107,804,305","98,795,052","96,486,180","13,818",0,0,0,0
490501,HOOSICK FALLS,1,0,0.520,0,0,0,0,0,0,0,"1,008","1,026","1,025",0,0,0,"31,697,442","23,799,734","22,691,323","14,425",0,0,0,0
490601,LANSINGBURGH,1,0,0.444,181,175,174,182,6,1,0,"2,195","2,202","2,167","2,391,965","2,264,852","2,058,821","60,541,069","56,420,859","52,331,451","12,613","60,542","7,568",0,"68,110"
490804,WYNANTSKILL,1,0,0.873,4,3,3,0,1,0,3,393,392,422,"58,464","42,963","36,225","10,546,565","10,079,937","9,630,477","14,616",0,0,0,0
491200,RENSSELAER,1,0,0.557,56,41,43,45,15,0,0,"1,012","1,051","1,045","575,071","514,580","451,197","30,258,914","32,402,383","27,634,427","11,361","136,332",0,0,"136,332"
491302,AVERILL PARK,1,0,0.737,9,8,10,8,1,0,2,"2,492","2,508","2,558","113,765","93,402","104,071","64,522,960","62,012,817","61,138,971","11,727",0,0,0,0
491401,HOOSIC VALLEY,1,0,0.636,6,6,4,0,0,2,4,848,875,888,"74,820","88,905","62,814","24,627,342","23,619,175","22,292,465","12,453",0,0,0,0
491501,SCHODACK,1,0,0.684,2,0,1,2,2,0,0,873,909,908,0,0,"13,629","28,015,776","25,739,931","28,148,147","14,750",0,0,0,0
491700,TROY,1,0,0.501,690,697,728,713,0,0,15,"4,231","4,240","4,204","11,900,000","11,528,806","12,513,367","130,316,394","119,782,584","105,637,071","17,346",0,0,"104,076","104,076"
500101,CLARKSTOWN,1,0,1.034,2,0,0,1,2,0,0,"7,917","7,843","7,859","30,000","45,772",0,"243,344,291","227,548,176","219,927,652","16,094",0,0,0,0
500108,NANUET,1,0,0.928,0,0,0,0,0,0,0,"2,195","2,203","2,240",0,0,0,"87,866,034","76,260,530","73,378,072","19,154",0,0,0,0
500201,HAVERSTRAW-ST,1,0,0.600,3,2,0,0,1,2,0,"7,875","7,867","7,818","55,000","37,308","42,044","272,313,972","248,041,354","242,367,972","18,645",0,0,0,0
500301,S. ORANGETOWN,1,0,1.347,1,0,0,0,1,0,0,"2,813","2,853","2,841",0,0,0,"108,815,521","99,728,530","112,131,382","17,609",0,0,0,0
500304,NYACK,1,0,1.245,0,0,0,0,0,0,0,"2,883","2,810","2,803",0,0,0,"104,364,416","96,177,165","87,675,709","20,548",0,0,0,0
500308,PEARL RIVER,1,0,1.164,0,0,0,0,0,0,0,"2,297","2,310","2,378",0,0,0,"85,038,790","77,393,260","75,209,426","17,457",0,0,0,0
500401,SUFFERN,1,0,1.122,0,0,0,0,0,0,0,"3,904","3,915","4,027",0,0,0,"154,071,981","146,735,164","140,910,013","18,349",0,0,0,0
500402,EAST RAMAPO,1,1,1.127,0,0,1,1,0,0,0,"10,467","10,045","9,724",0,0,0,"295,605,762","241,072,572","233,520,752","17,234",0,0,0,0
510101,BRASHER FALLS,1,0,0.293,0,0,0,0,0,0,0,916,943,947,0,0,0,"29,489,830","25,053,109","24,340,624","13,401",0,0,0,0
510201,CANTON,1,0,0.604,0,0,0,0,0,0,0,"1,035","1,084","1,084",0,0,0,"37,160,000","31,298,402","29,097,026","14,138",0,0,0,0
510401,CLIFTON FINE,1,0,1.018,0,0,0,0,0,0,0,236,235,237,0,0,0,"11,332,250","10,620,567","9,280,819","18,641",0,0,0,0
510501,COLTON PIERREP,1,0,0.952,0,0,0,0,0,0,0,359,354,363,0,0,0,"12,303,012","16,835,230","10,647,252","21,630",0,0,0,0
511101,GOUVERNEUR,1,0,0.367,0,0,0,0,0,0,0,"1,390","1,416","1,422",0,0,0,"41,263,411","36,141,552","35,667,813","12,164",0,0,0,0
511201,HAMMOND,1,0,0.753,0,0,0,0,0,0,0,209,227,215,0,0,0,"9,523,247","9,883,782","7,411,574","15,749",0,0,0,0
511301,HERMON DEKALB,1,0,0.384,0,0,0,0,0,0,0,361,363,372,0,0,0,"14,262,451","11,778,802","11,468,283","15,303",0,0,0,0
511602,LISBON,1,0,0.385,0,0,0,0,0,0,0,523,526,532,0,0,0,"17,249,863","16,232,555","13,420,435","16,247",0,0,0,0
511901,MADRID WADDING,1,0,0.457,0,0,0,0,0,0,0,594,629,636,0,0,0,"19,243,836","16,168,082","16,236,387","13,666",0,0,0,0
512001,MASSENA,1,0,0.360,0,0,0,0,0,0,0,"2,331","2,364","2,407",0,0,0,"67,473,621","57,034,506","51,139,580","11,605",0,0,0,0
512101,MORRISTOWN,1,0,0.656,0,0,0,0,0,0,0,310,318,338,0,0,0,"11,522,827","8,687,377","8,771,508","14,307",0,0,0,0
512201,NORWOOD NORFOL,1,0,0.323,0,0,0,0,0,0,0,918,951,976,0,0,0,"28,848,942","24,233,359","23,299,991","13,121",0,0,0,0
512300,OGDENSBURG,1,0,0.300,0,0,0,0,0,0,0,"1,351","1,411","1,447",0,0,0,"55,211,205","48,307,980","42,109,770","14,939",0,0,0,0
512404,HEUVELTON,1,0,0.373,0,0,0,0,0,0,0,539,526,513,0,0,0,"16,459,180","14,436,936","13,001,568","11,482",0,0,0,0
512501,PARISHVILLE,1,0,0.663,0,0,0,0,0,0,0,315,325,325,0,0,0,"13,213,861","11,330,669","11,112,671","13,015",0,0,0,0
512902,POTSDAM,1,0,0.543,0,0,0,0,0,0,0,"1,251","1,236","1,250",0,0,0,"37,934,959","33,160,619","33,691,044","14,232",0,0,0,0
513102,EDWARDS-KNOX,1,0,0.387,0,0,0,0,0,0,0,475,478,470,0,0,0,"16,879,974","16,472,498","15,114,984","12,406",0,0,0,0
520101,BURNT HILLS,1,0,0.701,0,0,0,1,0,0,0,"3,144","3,112","3,070",0,0,0,"81,570,122","74,900,666","70,358,394","12,031",0,0,0,0
520302,SHENENDEHOWA,1,0,0.939,13,12,11,15,1,1,0,"9,341","9,443","9,503","142,901","130,386","147,953","206,611,478","190,164,567","181,950,731","13,387",0,0,0,0
520401,CORINTH,1,0,0.620,0,0,0,0,0,0,0,"1,023","1,054","1,055",0,0,0,"26,129,500","25,459,602","22,925,004","11,929",0,0,0,0
520601,EDINBURG,1,0,2.883,0,0,0,0,0,0,0,96,103,95,0,0,0,"3,903,200","2,863,428","3,073,656","23,504",0,0,0,0
520701,GALWAY,1,0,0.971,0,0,0,0,0,0,0,792,781,808,0,0,0,"25,087,449","22,920,981","21,537,979","11,157",0,0,0,0
521200,MECHANICVILLE,1,0,0.646,0,0,3,1,0,0,2,"1,326","1,327","1,343",0,0,"23,176","33,276,388","28,113,423","29,082,111","14,005",0,0,0,0
521301,BALLSTON SPA,1,0,0.814,3,3,2,0,0,1,2,"3,889","3,923","4,029","26,000","40,467","25,156","104,232,811","97,710,462","92,577,668","13,810",0,0,0,0
521401,S. GLENS FALLS,1,1,0.686,0,0,0,0,0,0,0,"2,831","2,834","2,861",0,0,0,"69,871,797","63,498,394","75,243,612","12,249",0,0,0,0
521701,SCHUYLERVILLE,1,0,1.004,0,0,0,0,0,0,0,"1,357","1,376","1,409",0,0,0,"38,366,397","36,647,310","36,302,607","12,786",0,0,0,0
521800,SARATOGA SPRIN,1,0,1.434,2,1,0,1,1,1,0,"5,864","6,010","6,067","12,500","10,287",0,"142,718,533","126,524,657","123,566,910","12,472",0,0,0,0
522001,STILLWATER,1,0,0.937,0,0,0,0,0,0,0,994,"1,000","1,036",0,0,0,"29,988,245","26,843,751","26,546,767","10,709",0,0,0,0
522101,WATERFORD,1,0,0.682,4,3,3,4,1,0,0,737,739,747,"75,000","40,631","40,636","23,464,032","19,923,880","19,348,369","18,969",0,0,0,0
530101,DUANESBURG,1,0,0.770,0,0,0,0,0,0,0,645,635,649,0,0,0,"18,900,500","17,752,153","17,408,623","10,253",0,0,0,0
530202,SCOTIA GLENVIL,1,0,0.712,2,1,1,3,1,0,0,"2,198","2,258","2,322","41,537","24,308","29,850","62,959,582","56,577,601","55,588,884","13,540",0,0,0,0
530301,NISKAYUNA,1,0,0.828,12,10,8,4,2,2,4,"4,375","4,355","4,250","210,000","184,104","73,651","107,805,164","92,919,246","96,150,651","13,877",0,0,0,0
530501,SCHALMONT,1,0,0.834,3,1,1,4,2,0,0,"1,810","1,826","1,812","44,688","38,715","14,797","55,853,038","44,731,618","45,133,442","14,896",0,0,0,0
530515,MOHONASEN,1,0,0.604,10,4,5,2,6,0,3,"2,829","2,774","2,739","100,000","92,623","40,188","62,761,500","56,587,751","54,259,855","10,995",0,0,0,0
530600,SCHENECTADY,1,0,0.327,580,538,445,404,42,93,41,"9,543","9,417","9,637","7,400,000","7,251,376","5,921,448","266,267,940","232,438,650","208,201,589","14,302","480,547","798,052","234,553","1,513,152"
540801,GILBOA CONESVI,1,0,1.466,0,0,0,0,0,0,0,267,285,277,0,0,0,"11,759,465","9,141,301","9,765,086","15,860",0,0,0,0
540901,JEFFERSON,1,0,1.058,0,0,0,0,0,0,0,156,152,157,0,0,0,"7,548,933","7,142,850","6,290,447","14,299",0,0,0,0
541001,MIDDLEBURGH,1,0,0.688,0,0,0,0,0,0,0,605,621,629,0,0,0,"24,312,490","23,095,296","20,563,269","13,755",0,0,0,0
541102,COBLESKL-RICHM,1,0,0.599,0,0,0,0,0,0,0,"1,420","1,433","1,486",0,0,0,"44,010,600","41,897,531","40,400,947","13,615",0,0,0,0
541201,SCHOHARIE,1,0,0.593,0,0,0,0,0,0,0,829,814,845,0,0,0,"26,819,862","24,445,928","25,548,157","13,931",0,0,0,0
541401,SHARON SPRINGS,1,0,0.667,0,0,0,0,0,0,0,248,231,235,0,0,0,"10,688,068","9,252,864","8,223,136","16,703",0,0,0,0
550101,ODESSA MONTOUR,1,0,0.493,3,2,2,0,1,0,2,650,686,664,"25,000","35,211","24,188","19,978,992","17,667,135","14,740,019","11,644",0,0,0,0
550301,WATKINS GLEN,1,0,0.804,3,2,3,4,1,0,0,833,836,892,"23,500","32,480","43,388","29,427,585","26,286,216","24,874,078","12,578",0,0,0,0
560501,SOUTH SENECA,1,0,0.839,2,0,0,1,2,0,0,621,611,622,0,0,0,"26,864,443","25,112,529","23,807,461","15,265",0,0,0,0
560603,ROMULUS,1,0,1.074,0,0,0,0,0,0,0,328,329,326,0,0,0,"12,894,720","15,290,769","12,209,254","17,119",0,0,0,0
560701,SENECA FALLS,1,0,0.540,0,0,0,0,0,0,0,"1,191","1,202","1,212",0,0,0,"35,898,750","28,801,088","29,163,265","12,802",0,0,0,0
561006,WATERLOO CENT,1,0,0.491,0,0,0,0,0,0,0,"1,421","1,444","1,510",0,0,0,"49,800,547","45,915,070","40,985,916","13,189",0,0,0,0
570101,ADDISON,1,0,0.402,0,3,3,3,0,0,0,957,998,978,0,"19,649","38,256","35,553,118","34,764,662","35,965,324","13,483",0,0,0,0
570201,AVOCA,1,0,0.484,0,0,0,0,0,0,0,376,378,380,0,0,0,"14,541,697","13,878,738","12,741,810","15,491",0,0,0,0
570302,BATH,1,0,0.384,0,0,0,0,0,0,0,"1,306","1,321","1,266",0,0,0,"43,301,542","36,915,088","34,445,946","10,455",0,0,0,0
570401,BRADFORD,1,0,0.544,0,0,0,0,0,0,0,233,240,240,0,0,0,"9,768,618","8,292,388","8,241,879","14,482",0,0,0,0
570603,CAMPBELL-SAVON,1,0,0.429,0,0,0,0,0,0,0,687,704,707,0,0,0,"24,848,982","22,872,536","20,578,278","10,128",0,0,0,0
571000,CORNING,1,0,0.655,2,2,2,2,0,0,0,"4,321","4,284","4,289","26,000","18,273","20,876","130,903,114","120,706,643","111,524,253","12,843",0,0,0,0
571502,CANISTEO-GREEN,1,0,0.349,0,0,0,0,0,0,0,881,889,915,0,0,0,"28,708,063","25,317,248","23,944,693","16,137",0,0,0,0
571800,HORNELL,1,0,0.358,0,0,0,0,0,0,0,"1,331","1,309","1,370",0,0,0,"41,093,309","41,685,719","36,552,306","10,107",0,0,0,0
571901,ARKPORT,1,0,0.529,0,0,0,0,0,0,0,369,385,398,0,0,0,"13,798,110","13,237,367","12,578,844","11,921",0,0,0,0
572301,PRATTSBURG,1,0,0.492,0,0,0,0,0,0,0,333,347,324,0,0,0,"11,429,350","10,293,438","9,751,320","12,965",0,0,0,0
572702,JASPER-TRPSBRG,1,0,0.443,0,0,0,0,0,0,0,337,352,354,0,0,0,"13,448,126","11,100,362","11,174,750","10,673",0,0,0,0
572901,HAMMONDSPORT,1,0,1.861,0,0,0,0,0,0,0,350,335,357,0,0,0,"15,741,650","13,836,414","13,852,965","17,510",0,0,0,0
573002,WAYLAND-COHOCT,1,0,0.449,0,0,0,0,0,0,0,"1,270","1,256","1,245",0,0,0,"36,445,408","32,259,867","31,892,653","12,382",0,0,0,0
580101,BABYLON,1,0,1.367,3,2,0,0,1,2,0,"1,551","1,561","1,554","85,000","55,176",0,"59,876,501","57,679,251","55,391,130","19,015",0,0,0,0
580102,WEST BABYLON,1,0,0.871,4,5,2,2,0,3,0,"3,692","3,688","3,677","70,000","40,439","35,647","129,410,667","123,098,919","114,792,299","17,570",0,0,0,0
580103,NORTH BABYLON,1,0,0.709,2,1,1,2,1,0,0,"4,554","4,562","4,562",0,"16,445","16,164","137,814,282","127,877,121","121,151,493","16,899",0,0,0,0
580104,LINDENHURST,1,0,0.806,4,1,0,2,3,1,0,"5,647","5,639","5,585","11,000","10,344",0,"185,302,256","172,022,466","163,777,776","15,691",0,0,0,0
580105,COPIAGUE,1,0,0.598,18,9,10,4,9,0,6,"4,880","4,890","4,940","197,040","195,003","123,485","170,023,070","154,220,433","131,342,345","18,229",0,0,0,0
580106,AMITYVILLE,1,0,0.938,56,46,35,30,10,11,5,"2,895","2,902","2,948","745,000","924,049","661,930","112,729,128","111,586,451","96,409,208","20,322",0,0,0,0
580107,DEER PARK,1,0,0.796,3,5,0,0,0,5,0,"3,945","3,916","3,824","49,905","38,793",0,"138,857,908","124,700,394","117,595,729","16,635",0,0,0,0
580109,WYANDANCH,0,0,0.275,279,110,11,8,169,99,3,"2,944","2,758","2,704","3,731,566","2,278,276","182,135","88,178,217","88,178,217","74,409,980","19,368","2,618,554","1,150,459",0,"3,769,013"
580201,THREE VILLAGE,1,0,1.964,0,0,0,0,0,0,0,"5,517","5,529","5,646",0,0,0,"234,810,674","224,623,136","217,862,702","18,646",0,0,0,0
580203,COMSEWOGUE,1,0,0.707,1,0,0,0,1,0,0,"3,496","3,565","3,514","15,000",0,0,"110,777,250","99,843,724","95,208,610","15,780",0,0,0,0
580205,SACHEM,1,0,0.845,20,0,1,2,20,0,0,"11,749","11,844","12,028","120,000",0,"14,302","363,861,428","355,371,517","329,846,379","15,181",0,0,0,0
580206,PORT JEFFERSON,1,0,2.796,0,0,0,0,0,0,0,870,878,908,0,0,0,"47,066,912","46,113,378","42,826,581","23,536",0,0,0,0
580207,MOUNT SINAI,1,0,1.100,0,0,0,0,0,0,0,"2,070","2,074","2,142",0,0,0,"66,801,726","61,649,624","65,384,113","16,701",0,0,0,0
580208,MILLER PLACE,1,0,0.910,6,6,6,6,0,0,0,"2,324","2,348","2,418","90,000","86,424","85,662","80,364,624","73,905,509","71,378,078","14,280",0,0,0,0
580209,ROCKY POINT,1,0,0.710,1,1,1,2,0,0,0,"2,666","2,720","2,779","15,000","15,495","14,689","86,119,728","85,452,099","84,231,087","15,495",0,0,0,0
580211,MIDDLE COUNTRY,1,0,0.708,12,7,7,2,5,0,5,"9,040","9,054","9,014","88,763","76,705","102,679","285,900,411","262,473,575","256,143,160","15,728",0,0,0,0
580212,LONGWOOD,1,0,0.699,88,86,72,86,2,14,0,"9,055","8,970","9,029","1,525,000","1,429,546","1,168,681","291,000,000","256,415,494","243,619,954","16,613",0,0,0,0
580224,PATCHOGUE-MEDF,1,0,0.705,17,8,7,6,9,1,1,"7,483","7,453","7,394","264,044","114,629","98,867","231,273,657","220,975,621","192,185,437","15,532",0,0,0,0
580232,WILLIAM FLOYD,1,0,0.438,131,128,108,88,3,20,20,"9,559","9,343","9,130","1,725,250","2,019,334","1,840,565","292,518,145","274,618,587","250,397,209","16,396",0,0,0,0
580233,CENTER MORICHE,1,0,0.719,4,4,3,5,0,1,0,"1,434","1,442","1,442","85,000","67,152","48,912","49,376,250","46,071,859","42,660,666","17,208",0,0,0,0
580234,EAST MORICHES,1,0,1.148,3,3,2,2,0,1,0,972,927,979,"55,000","52,458","34,902","31,156,800","29,264,460","33,816,373","17,956",0,0,0,0
580235,SOUTH COUNTRY,1,0,0.844,24,23,22,11,1,1,11,"3,971","3,982","4,106","450,000","460,147","444,631","140,882,021","130,981,283","128,127,339","18,715",0,0,0,0
580301,EAST HAMPTON,1,0,9.479,0,0,0,0,0,0,0,"1,192","1,218","1,259",0,0,0,"78,929,040","77,734,641","72,754,942","25,462",0,0,0,0
580303,AMAGANSETT,1,0,25.072,0,0,0,0,0,0,0,164,158,164,0,0,0,"13,166,519","11,091,427","10,400,561","63,430",0,0,0,0
580304,SPRINGS,1,0,2.756,0,0,0,0,0,0,0,999,998,996,0,0,0,"35,406,133","31,810,021","29,860,780","25,307",0,0,0,0
580305,SAG HARBOR,1,0,6.904,0,0,0,0,0,0,0,854,864,878,0,0,0,"47,981,728","44,128,278","43,898,359","31,073",0,0,0,0
580306,MONTAUK,1,0,8.665,0,0,0,0,0,0,0,421,432,449,0,0,0,"22,779,958","19,680,534","18,958,206","35,371",0,0,0,0
580401,ELWOOD,1,0,1.121,0,0,0,0,0,0,0,"1,978","1,997","1,985",0,0,0,"73,424,432","66,767,434","63,237,066","16,077",0,0,0,0
580402,COLD SPRING HA,1,0,3.332,0,0,0,0,0,0,0,"1,531","1,573","1,631",0,0,0,"77,141,052","70,337,767","68,337,466","21,234",0,0,0,0
580403,HUNTINGTON,1,0,1.551,1,1,0,0,0,1,0,"4,144","4,137","4,154","19,000","18,960","18,686","146,347,094","144,365,807","139,557,764","19,495",0,0,0,0
580404,NORTHPORT,1,0,1.846,0,0,0,0,0,0,0,"4,434","4,572","4,741",0,0,0,"180,562,548","175,655,663","174,059,574","19,576",0,0,0,0
580405,HALF HOLLOW HI,1,0,1.564,7,2,0,0,5,2,0,"7,259","7,322","7,409","51,000","47,899",0,"289,790,216","264,067,417","257,953,014","16,418",0,0,0,0
580406,HARBORFIELDS,1,0,1.342,2,1,0,0,1,1,0,"2,800","2,793","2,810","16,000","15,409",0,"95,108,679","92,002,959","83,625,281","15,708",0,0,0,0
580410,COMMACK,1,0,1.142,1,1,0,0,0,1,0,"5,514","5,586","5,620",0,0,0,"221,197,700","196,686,117","189,248,536","16,226",0,0,0,0
580413,S. HUNTINGTON,1,0,0.878,0,0,0,0,0,0,0,"5,843","5,853","5,782",0,0,0,"209,068,730","196,279,424","183,289,074","18,705",0,0,0,0
580501,BAY SHORE,1,0,0.766,10,3,0,0,7,3,0,"5,671","5,661","5,736","180,000","86,594",0,"194,639,180","176,851,693","168,811,125","18,584",0,0,0,0
580502,ISLIP,1,0,0.978,2,0,0,0,2,0,0,"2,722","2,691","2,733","35,000",0,0,"95,250,851","90,217,143","86,552,879","16,621",0,0,0,0
580503,EAST ISLIP,1,0,1.047,1,1,0,0,0,1,0,"3,429","3,447","3,387","15,107","15,107",0,"125,788,472","120,829,210","117,760,316","15,228",0,0,0,0
580504,SAYVILLE,1,0,1.160,0,0,0,0,0,0,0,"2,520","2,622","2,647",0,0,0,"102,048,891","97,487,523","92,676,183","18,007",0,0,0,0
580505,BAYPORT BLUE P,1,0,1.206,0,0,0,0,0,0,0,"1,816","1,861","1,911",0,0,0,"83,453,366","79,799,507","76,030,360","19,427",0,0,0,0
580506,HAUPPAUGE,1,0,1.464,0,0,0,0,0,0,0,"3,215","3,224","3,243",0,0,0,"128,739,896","122,716,485","114,893,963","19,302",0,0,0,0
580507,CONNETQUOT,1,0,1.083,5,1,4,4,4,0,0,"5,405","5,390","5,345",0,"18,139","71,092","211,644,671","200,675,074","195,057,180","18,484",0,0,0,0
580509,WEST ISLIP,1,0,1.162,0,0,0,0,0,0,0,"3,743","3,754","3,831",0,0,0,"134,220,231","138,023,445","127,540,027","16,035",0,0,0,0
580512,BRENTWOOD,1,0,0.354,65,26,12,9,39,14,3,"18,755","18,562","18,248","970,000","370,550","184,115","561,325,261","475,348,502","423,986,253","17,336",0,0,0,0
580513,CENTRAL ISLIP,1,0,0.431,43,12,6,7,31,6,0,"7,815","7,727","7,450","800,000","271,756","175,100","252,864,607","227,983,632","223,157,075","23,314",0,0,0,0
580514,FIRE ISLAND,1,0,77.084,0,0,0,0,0,0,0,29,25,24,0,0,0,"5,347,611","5,212,875","5,116,372","113,268",0,0,0,0
580601,SHOREHAM-WADIN,1,0,1.148,0,2,2,2,0,0,0,"1,966","2,003","2,027",0,"27,605","34,686","84,743,360","73,954,185","76,675,671","18,075",0,0,0,0
580602,RIVERHEAD,1,0,0.918,545,545,493,463,0,52,30,"6,136","6,161","6,015","11,694,756","10,266,881","8,803,247","192,272,588","169,136,216","153,188,076","20,107",0,"627,338","241,284","868,622"
580701,SHELTER ISLAND,1,0,15.006,0,0,0,0,0,0,0,173,160,162,0,0,0,"12,664,093","12,577,211","12,122,194","29,390",0,0,0,0
580801,SMITHTOWN,1,0,1.440,0,0,0,0,0,0,0,"7,706","7,919","8,057",0,0,0,"282,042,252","268,143,750","258,622,175","16,162",0,0,0,0
580805,KINGS PARK,1,0,1.479,0,1,0,0,0,1,0,"2,652","2,645","2,764",0,"17,788",0,"98,405,687","98,357,873","90,653,945","15,314",0,0,0,0
580901,REMSENBURG,1,0,5.488,0,0,1,1,0,0,0,292,275,295,0,0,"39,023","16,003,955","14,111,398","15,660,863","40,932",0,0,0,0
580902,WESTHAMPTON BE,1,0,4.194,0,0,2,3,0,0,0,848,876,925,0,0,"14,673","61,515,189","58,858,336","58,366,614","20,058",0,0,0,0
580903,QUOGUE,1,0,21.337,0,0,0,0,0,0,0,135,138,135,0,0,0,"9,934,116","10,042,106","8,511,357","52,520",0,0,0,0
580905,HAMPTON BAYS,1,0,1.353,7,5,5,3,2,0,2,"2,020","2,055","2,033","86,810","82,833","85,375","63,945,547","59,547,888","55,961,527","18,424",0,0,0,0
580906,SOUTHAMPTON,1,0,14.946,0,0,0,0,0,0,0,"1,133","1,176","1,195",0,0,0,"76,899,000","80,118,767","76,209,748","26,429",0,0,0,0
580909,BRIDGEHAMPTON,1,0,28.620,0,0,0,0,0,0,0,166,173,180,0,0,0,"21,741,879","20,735,497","18,841,468","77,128",0,0,0,0
580912,EASTPORT-SOUTH,1,0,0.894,5,5,5,3,0,0,2,"2,734","2,798","2,925","64,000","68,290","61,020","109,756,933","102,018,076","98,070,627","14,193",0,0,0,0
580913,TUCKAHOE COMMO,1,0,5.018,0,0,0,0,0,0,0,375,348,413,0,0,0,"23,808,303","20,883,586","20,505,174","33,661",0,0,0,0
580917,EAST QUOGUE,1,0,2.003,0,0,0,0,0,0,0,781,769,763,0,0,0,"28,362,341","27,124,052","24,756,132","23,025",0,0,0,0
581002,OYSTERPONDS,1,0,9.782,0,0,0,0,0,0,0,104,109,114,0,0,0,"5,558,823","5,026,396","6,261,687","36,838",0,0,0,0
581004,FISHERS ISLAND,1,0,15.530,0,0,0,0,0,0,0,32,32,27,0,0,0,"3,940,884","3,657,385","4,223,148",0,0,0,0,0
581005,SOUTHOLD,1,0,3.641,0,0,0,0,0,0,0,673,695,704,0,0,0,"32,125,458","34,198,352","29,755,711","19,972",0,0,0,0
581010,GREENPORT,1,0,2.058,1,1,1,0,0,0,1,599,612,612,"70,040","21,084","40,448","23,709,875","19,446,783","18,451,661","21,466",0,0,0,0
581012,MATTITUCK-CUTC,1,0,3.312,0,0,0,2,0,0,0,971,999,"1,072",0,0,0,"44,016,344","48,126,369","40,127,643","17,381",0,0,0,0
590501,FALLSBURG,1,0,0.476,0,0,0,0,0,0,0,"1,516","1,513","1,449",0,0,0,"59,260,373","51,405,383","47,402,644","21,341",0,0,0,0
590801,ELDRED,1,0,1.433,0,0,0,0,0,0,0,451,462,450,0,0,0,"19,509,716","20,709,656","19,325,734","13,146",0,0,0,0
590901,LIBERTY,1,0,0.441,0,0,0,0,0,0,0,"1,753","1,785","1,772",0,0,0,"66,296,362","51,467,941","50,959,366","20,666",0,0,0,0
591201,TRI VALLEY,1,0,1.027,0,0,0,0,0,0,0,848,875,868,0,0,0,"36,497,136","36,993,030","34,132,992","21,869",0,0,0,0
591301,ROSCOE,1,0,1.120,0,0,0,0,0,0,0,201,215,220,0,0,0,"10,288,047","10,483,155","10,467,517","19,803",0,0,0,0
591302,LIVINGSTON MAN,1,0,1.121,0,0,0,0,0,0,0,369,391,413,0,0,0,"19,365,346","22,032,012","16,584,277","18,772",0,0,0,0
591401,MONTICELLO,1,0,0.757,0,0,2,2,0,0,0,"2,719","2,776","2,831",0,0,0,"97,886,695","92,188,859","89,823,867","16,694",0,0,0,0
591502,SULLIVAN WEST,1,0,1.197,0,0,0,0,0,0,0,"1,023","1,011","1,006",0,0,0,"41,796,395","37,604,710","36,256,795","16,052",0,0,0,0
600101,WAVERLY,1,0,0.414,4,4,5,3,0,0,2,"1,392","1,393","1,407","43,748","43,748","52,450","38,148,058","32,642,528","32,124,424","11,454",0,0,0,0
600301,CANDOR,1,0,0.409,4,4,2,1,0,2,1,651,668,687,"40,000","54,688","29,921","21,051,610","19,376,140","18,438,778","14,867",0,0,0,0
600402,NEWARK VALLEY,1,0,0.451,1,1,3,2,0,0,1,972,995,"1,019",0,"35,278","28,445","28,737,314","29,031,002","24,460,160","12,060",0,0,0,0
600601,OWEGO-APALACHI,1,0,0.515,0,0,0,1,0,0,0,"1,851","1,829","1,854",0,0,0,"56,776,269","51,695,950","49,141,589","13,864",0,0,0,0
600801,SPENCER VAN ET,1,0,0.511,5,13,7,5,0,6,2,755,771,789,"162,000","172,789","112,593","26,828,616","22,110,424","21,885,919","13,450",0,0,0,0
600903,TIOGA,1,0,0.412,0,0,0,1,0,0,0,793,805,822,0,0,0,"21,910,675","20,322,088","18,621,471","12,137",0,0,0,0
610301,DRYDEN,1,0,0.652,11,11,17,10,0,0,7,"1,258","1,288","1,306","140,000","134,112","171,154","44,141,424","41,637,612","41,057,826","13,026",0,0,0,0
610501,GROTON,1,0,0.495,3,3,5,8,0,0,0,713,735,756,"74,986","33,469","59,200","25,801,249","20,613,563","23,124,494","13,104",0,0,0,0
610600,ITHACA,1,0,1.189,55,55,64,62,0,0,2,"5,000","4,994","4,919","1,011,886","823,590","1,023,872","158,212,760","144,087,757","135,004,575","16,086",0,0,0,0
610801,LANSING,1,0,0.938,5,5,4,4,0,1,0,"1,103","1,131","1,148","81,000","80,001","54,814","36,634,046","33,893,995","32,213,012","14,058",0,0,0,0
610901,NEWFIELD,1,0,0.474,15,15,13,5,0,2,8,653,690,708,"235,000","186,476","191,029","24,571,347","20,950,429","20,265,350","12,782",0,"15,338",0,"15,338"
611001,TRUMANSBURG,1,0,0.685,5,9,5,6,0,4,0,899,938,932,"102,232","94,604","72,261","31,126,684","30,376,725","26,944,189","13,146",0,0,0,0
620600,KINGSTON,1,0,0.770,0,0,0,0,0,0,0,"6,046","6,148","6,251",0,0,0,"219,554,412","199,972,347","192,445,066","17,811",0,0,0,0
620803,HIGHLAND,1,0,0.796,0,0,0,0,0,0,0,"1,541","1,565","1,610",0,0,0,"52,499,878","48,479,808","44,930,444","14,955",0,0,0,0
620901,RONDOUT VALLEY,1,0,1.340,0,0,0,0,0,0,0,"1,703","1,648","1,706",0,0,0,"75,058,323","68,823,529","63,541,923","19,344",0,0,0,0
621001,MARLBORO,1,0,0.745,0,0,0,2,0,0,0,"1,870","1,867","1,903",0,0,0,"63,973,392","60,071,732","57,072,794","18,368",0,0,0,0
621101,NEW PALTZ,1,0,1.163,0,0,0,0,0,0,0,"1,789","1,812","1,814",0,0,0,"71,298,660","68,050,609","65,798,774","17,004",0,0,0,0
621201,ONTEORA,1,0,2.594,0,0,0,0,0,0,0,"1,086","1,133","1,157",0,0,0,"61,329,023","53,804,306","53,539,682","20,596",0,0,0,0
621601,SAUGERTIES,1,0,0.961,0,0,0,0,0,0,0,"2,312","2,293","2,344",0,0,0,"71,192,559","65,188,223","65,771,968","14,479",0,0,0,0
621801,WALLKILL,1,0,0.683,0,0,0,0,0,0,0,"2,780","2,781","2,801",0,0,0,"85,391,181","86,931,637","72,823,047","13,334",0,0,0,0
622002,ELLENVILLE,1,0,0.665,0,0,0,0,0,0,0,"1,432","1,472","1,527",0,0,0,"53,268,938","52,764,304","49,530,064","18,905",0,0,0,0
630101,BOLTON,1,0,8.772,0,0,0,0,0,0,0,104,107,111,0,0,0,"10,359,965","8,538,256","8,504,008","23,321",0,0,0,0
630202,NORTH WARREN,1,0,1.942,0,0,0,0,0,0,0,454,454,470,0,0,0,"15,160,127","13,853,449","16,615,413","16,566",0,0,0,0
630300,GLENS FALLS,1,0,0.646,0,0,0,0,0,0,0,"1,879","1,854","1,893",0,0,0,"57,135,126","46,146,350","44,289,218","13,380",0,0,0,0
630601,JOHNSBURG,1,0,1.245,0,0,0,0,0,0,0,247,274,285,0,0,0,"12,487,315","10,961,171","9,977,395","19,097",0,0,0,0
630701,LAKE GEORGE,1,0,3.432,0,0,0,0,0,0,0,612,631,643,0,0,0,"24,808,692","23,421,147","22,460,598","14,107",0,0,0,0
630801,HADLEY LUZERNE,1,0,1.146,0,0,0,0,0,0,0,627,642,640,0,0,0,"23,267,725","21,879,885","20,696,631","15,824",0,0,0,0
630902,QUEENSBURY,1,0,0.757,0,0,0,0,0,0,0,"3,011","3,037","3,087",0,0,0,"75,295,899","69,065,946","65,129,611","10,905",0,0,0,0
630918,GLENS FALLS CO,1,0,0.573,0,0,0,0,0,0,0,239,242,272,0,0,0,"5,291,439","6,020,492","4,610,504","14,508",0,0,0,0
631201,WARRENSBURG,1,0,0.730,0,2,0,0,0,2,0,622,650,661,0,0,0,"22,970,041","21,355,875","20,466,111","16,695",0,0,0,0
640101,ARGYLE,1,0,0.657,0,0,0,0,0,0,0,488,484,475,0,0,0,"13,818,265","12,767,618","12,633,341","13,591",0,0,0,0
640502,FORT ANN,1,0,0.710,0,0,0,0,0,0,0,435,450,424,0,0,0,"13,777,730","12,541,117","11,385,054","15,126",0,0,0,0
640601,FORT EDWARD,1,1,0.498,0,0,0,0,0,0,0,370,396,394,0,0,0,"12,449,626","11,329,903","10,162,743","17,594",0,0,0,0
640701,GRANVILLE,1,0,0.467,0,0,0,0,0,0,0,954,931,950,0,0,0,"29,675,954","25,623,851","25,377,433","11,769",0,0,0,0
640801,GREENWICH,1,0,0.725,0,0,0,0,0,0,0,834,864,869,0,0,0,"24,285,815","23,372,711","22,504,282","13,928",0,0,0,0
641001,HARTFORD,1,0,0.520,0,0,0,0,0,0,0,349,374,387,0,0,0,"14,300,347","12,827,242","11,771,842","11,798",0,0,0,0
641301,HUDSON FALLS,1,0,0.431,0,0,0,0,0,0,0,"2,077","2,083","2,180",0,0,0,"53,452,809","48,051,233","44,617,264","10,969",0,0,0,0
641401,PUTNAM,1,0,2.979,0,0,0,0,0,0,0,38,51,57,0,0,0,"2,863,649","1,872,788","1,924,383","24,562",0,0,0,0
641501,SALEM,1,0,0.548,0,0,0,0,0,0,0,520,531,539,0,0,0,"17,321,205","14,815,796","14,040,646","16,437",0,0,0,0
641610,CAMBRIDGE,1,0,0.594,0,0,0,0,0,0,0,774,814,817,0,0,0,"24,806,120","23,170,678","22,483,816","14,254",0,0,0,0
641701,WHITEHALL,1,0,0.583,0,0,0,0,0,0,0,661,670,728,0,0,0,"20,097,501","17,602,518","15,792,594","14,031",0,0,0,0
650101,NEWARK,1,0,0.424,0,0,0,0,0,0,0,"1,836","1,895","1,912",0,0,0,"59,939,949","53,057,124","50,096,902","13,312",0,0,0,0
650301,CLYDE-SAVANNAH,1,0,0.348,0,0,0,0,0,0,0,751,754,762,0,0,0,"27,397,326","23,172,810","21,151,943","17,096",0,0,0,0
650501,LYONS,1,0,0.374,0,0,0,0,0,0,0,868,861,859,0,0,0,"29,487,133","23,923,231","22,541,686","13,774",0,0,0,0
650701,MARION,1,0,0.643,0,0,0,0,0,0,0,630,643,636,0,0,0,"22,687,300","19,638,758","19,988,039","13,409",0,0,0,0
650801,WAYNE,1,0,0.755,0,0,0,2,0,0,0,"2,004","2,034","2,003",0,0,0,"53,104,746","47,000,294","55,002,521","11,428",0,0,0,0
650901,PALMYRA-MACEDO,1,0,0.543,0,0,0,0,0,0,0,"1,668","1,690","1,737",0,0,0,"48,586,000","43,587,714","48,614,744","11,844",0,0,0,0
650902,GANANDA,1,0,0.545,0,0,0,0,0,0,0,818,847,865,0,0,0,"26,341,380","24,482,828","22,506,442","11,679",0,0,0,0
651201,SODUS,1,0,0.487,0,0,0,0,0,0,0,"1,018",981,963,0,0,0,"32,044,069","27,341,603","26,641,584","13,390",0,0,0,0
651402,WILLIAMSON,1,0,0.589,0,0,0,0,0,0,0,950,920,972,0,0,0,"27,049,985","24,735,735","26,082,138","14,433",0,0,0,0
651501,N. ROSE-WOLCOT,1,0,0.569,0,0,0,0,0,0,0,"1,078","1,093","1,084",0,0,0,"34,710,447","29,230,707","31,769,366","14,020",0,0,0,0
651503,RED CREEK,1,0,0.454,0,0,0,0,0,0,0,764,773,780,0,0,0,"24,881,413","22,351,614","21,427,130","12,958",0,0,0,0
660101,KATONAH LEWISB,1,0,2.171,0,0,0,0,0,0,0,"2,803","2,832","2,905",0,0,0,"119,988,980","114,887,328","111,595,873","21,199",0,0,0,0
660102,BEDFORD,1,0,3.092,0,0,0,0,0,0,0,"3,497","3,583","3,705",0,0,0,"152,538,000","151,958,079","144,972,650","23,269",0,0,0,0
660202,CROTON HARMON,1,0,1.654,0,0,0,0,0,0,0,"1,582","1,536","1,542",0,0,0,"56,174,984","51,057,497","48,138,900","17,200",0,0,0,0
660203,HENDRICK HUDSO,1,1,1.230,0,0,0,0,0,0,0,"2,192","2,181","2,202",0,0,0,"88,051,588","83,779,690","80,889,255","19,996",0,0,0,0
660301,EASTCHESTER,1,0,1.442,1,0,0,0,1,0,0,"2,978","2,968","3,072",0,0,0,"101,856,200","96,145,855","92,627,607","20,204",0,0,0,0
660302,TUCKAHOE,1,0,1.726,1,0,0,0,1,0,0,"1,069","1,080","1,083",0,0,0,"40,113,060","36,975,205","35,117,086","23,628",0,0,0,0
660303,BRONXVILLE,1,0,4.514,0,0,1,0,0,0,1,"1,519","1,528","1,522",0,0,"22,071","53,197,532","50,615,118","50,333,367","22,599",0,0,0,0
660401,TARRYTOWN,1,0,1.316,1,0,0,0,1,0,0,"2,613","2,572","2,531","107,718","31,613",0,"93,473,676","83,965,684","81,011,765","18,993",0,0,0,0
660402,IRVINGTON,1,0,1.983,0,0,0,0,0,0,0,"1,746","1,758","1,736",0,0,0,"73,079,120","67,625,552","64,573,495","23,064",0,0,0,0
660403,DOBBS FERRY,1,0,1.551,0,0,0,0,0,0,0,"1,488","1,503","1,501",0,0,0,"55,205,235","50,550,492","49,684,151","22,177",0,0,0,0
660404,HASTINGS ON HU,1,0,1.546,0,0,0,1,0,0,0,"1,579","1,612","1,602",0,0,0,"57,663,200","54,428,765","51,932,954","23,686",0,0,0,0
660405,ARDSLEY,1,0,1.288,0,0,0,0,0,0,0,"2,309","2,277","2,300",0,0,0,"82,471,100","76,222,873","71,746,185","23,390",0,0,0,0
660406,EDGEMONT,1,0,1.831,0,0,0,0,0,0,0,"1,832","1,904","1,943",0,0,0,"68,181,417","66,026,005","62,189,584","20,605",0,0,0,0
660407,GREENBURGH,1,0,2.325,5,3,1,0,2,2,1,"1,577","1,551","1,525","115,000","113,567","136,812","78,032,174","70,807,790","73,869,816","23,424",0,0,0,0
660409,ELMSFORD,1,0,1.359,8,6,5,5,2,1,0,"1,058","1,047",988,"212,650","173,383","119,760","41,749,424","37,443,965","33,765,160","25,552",0,0,0,0
660501,HARRISON,1,0,3.093,2,2,2,1,0,0,1,"3,761","3,651","3,640","52,000","50,078","73,335","135,268,436","129,405,845","123,007,735","25,595",0,0,0,0
660701,MAMARONECK,1,0,2.536,0,0,0,0,0,0,0,"5,510","5,416","5,364",0,0,0,"155,517,644","147,221,693","142,808,490","20,436",0,0,0,0
660801,MT PLEAS CENT,1,0,1.369,0,0,0,0,0,0,0,"1,956","1,938","1,899",0,0,0,"74,520,219","70,592,947","66,120,401","20,270",0,0,0,0
660802,POCANTICO HILL,1,0,4.501,0,0,0,0,0,0,0,417,398,387,0,0,0,"30,583,040","39,641,491","37,767,830","41,070",0,0,0,0
660805,VALHALLA,1,0,1.484,0,0,0,0,0,0,0,"1,430","1,380","1,376",0,0,0,"57,600,924","54,315,826","53,079,579","22,037",0,0,0,0
660809,PLEASANTVILLE,1,0,1.260,0,0,0,0,0,0,0,"1,569","1,561","1,535",0,"17,373",0,"59,321,388","56,312,536","52,128,071","17,595",0,0,0,0
660900,MOUNT VERNON,1,0,0.811,570,564,505,499,6,59,6,"7,191","7,349","7,275","12,120,000","10,615,234","9,401,841","265,969,821","262,041,588","251,911,171","18,589","89,227","658,051","44,614","791,892"
661004,CHAPPAQUA,1,0,2.766,0,0,0,0,0,0,0,"3,551","3,542","3,526",0,0,0,"138,296,283","131,488,637","130,088,682","20,759",0,0,0,0
661100,NEW ROCHELLE,1,0,1.160,9,3,2,6,6,1,0,"9,796","9,811","9,832","195,000","166,220","35,444","308,294,661","300,707,032","291,119,844","18,595",0,0,0,0
661201,BYRAM HILLS,1,0,3.060,0,0,0,0,0,0,0,"2,342","2,299","2,317",0,0,0,"99,725,037","97,442,278","94,571,028","22,205",0,0,0,0
661301,NORTH SALEM,1,0,2.270,0,0,0,0,0,0,0,963,980,"1,014",0,0,0,"49,306,013","47,214,920","46,581,431","22,007",0,0,0,0
661401,OSSINING,1,0,0.926,0,0,0,0,0,0,0,"4,773","4,735","4,749",0,0,0,"166,963,908","153,377,084","137,801,568","21,185",0,0,0,0
661402,BRIARCLIFF MAN,1,0,2.319,0,0,0,0,0,0,0,"1,252","1,267","1,253",0,0,0,"56,153,968","55,978,886","52,126,443","24,366",0,0,0,0
661500,PEEKSKILL,1,0,0.540,0,0,0,0,0,0,0,"3,608","3,514","3,485",0,"17,871",0,"115,703,261","99,832,948","97,227,395","19,292",0,0,0,0
661601,PELHAM,1,0,1.665,1,2,2,1,0,0,1,"2,780","2,687","2,711","35,000","17,291","34,530","90,960,002","81,817,836","78,478,245","17,441",0,0,0,0
661800,RYE,1,0,4.580,0,0,0,0,0,0,0,"2,832","2,856","2,920",0,0,0,"103,019,102","98,830,757","97,126,294","22,644",0,0,0,0
661901,RYE NECK,1,0,1.943,0,0,0,0,0,0,0,"1,491","1,539","1,523",0,0,0,"48,635,958","45,795,031","46,755,341","19,848",0,0,0,0
661904,PORT CHESTER,1,0,0.756,0,0,0,0,0,0,0,"4,532","4,571","4,607",0,0,0,"142,895,881","125,755,112","116,808,155","16,661",0,0,0,0
661905,BLIND BROOK-RY,1,0,2.009,0,0,0,0,0,0,0,"1,308","1,297","1,281",0,0,0,"57,078,851","51,494,968","48,546,333","21,332",0,0,0,0
662001,SCARSDALE,1,0,4.056,0,0,3,0,0,0,3,"4,644","4,627","4,560",0,0,0,"177,774,187","175,390,627","166,022,720","24,704",0,0,0,0
662101,SOMERS,1,0,1.431,0,0,0,0,0,0,0,"2,560","2,636","2,748",0,0,0,"106,228,825","108,474,417","94,166,126","19,134",0,0,0,0
662200,WHITE PLAINS,1,0,1.554,2,5,7,8,0,0,0,"6,738","6,642","6,702","94,500","68,592","41,942","256,645,394","277,260,251","230,234,686","22,183",0,0,0,0
662300,YONKERS,1,1,0.772,922,814,794,802,108,20,0,"24,332","24,395","24,771","16,700,000","15,744,411","14,833,877","722,717,779","663,093,477","627,599,560","17,635","1,523,664","211,620",0,"1,735,284"
662401,LAKELAND,1,0,0.899,1,0,0,2,1,0,0,"5,352","5,344","5,378",0,0,0,"183,046,178","188,641,713","161,745,130","16,385",0,0,0,0
662402,YORKTOWN,1,0,1.159,0,0,0,0,0,0,0,"3,457","3,471","3,430",0,0,0,"115,670,000","108,216,485","102,544,376","18,023",0,0,0,0
670201,ATTICA,1,0,0.635,0,0,0,1,0,0,0,"1,088","1,102","1,092",0,0,0,"32,304,942","28,580,337","29,128,399","10,506",0,0,0,0
670401,LETCHWORTH,1,0,0.447,0,0,0,0,0,0,0,797,816,810,0,0,0,"24,650,567","20,905,038","20,465,975","12,475",0,0,0,0
671002,WYOMING,1,0,0.712,0,0,0,0,0,0,0,189,193,194,0,0,0,"5,703,420","4,785,102","5,998,665","20,994",0,0,0,0
671201,PERRY,1,0,0.591,0,0,0,0,0,0,0,714,733,759,0,0,0,"20,245,808","19,047,390","18,372,973","13,883",0,0,0,0
671501,WARSAW,1,0,0.515,0,0,0,0,0,0,0,770,774,800,0,0,0,"24,411,000","24,067,888","19,586,560","14,491",0,0,0,0
680601,PENN  YAN,1,0,1.307,0,0,0,1,0,0,0,"1,225","1,201","1,244",0,0,0,"40,761,809","44,747,349","33,461,342","12,888",0,0,0,0
680801,DUNDEE,1,0,0.750,0,0,0,0,0,0,0,552,577,589,0,0,0,"19,677,851","16,838,493","15,874,553","10,374",0,0,0,0
999997,complete,1,1,878.644,"158,929","152,125","149,981","146,526","2,101","2,329","1,849","1,498,202","1,501,618","1,507,895","3,915,537,768","3,774,752,008","3,264,672,102","79,378,136,231","74,632,574,354","71,394,670,141","10,802,732","22,550,397","19,954,168","10,907,103","53,411,668"
999998,incomplete,1,1,3.714,279,110,11,8,169,99,3,"2,989","2,807","2,760","3,731,566","2,278,276","182,135","94,270,691","94,270,691","79,394,341","63,688","2,618,554","1,150,459",0,"3,769,013"
999999,STATE TOTALS,1,1,882.358,"159,208","152,235","149,992","146,534","2,270","2,428","1,852","1,501,191","1,504,425","1,510,655","3,919,269,334","3,777,030,284","3,264,854,237","79,472,406,922","74,726,845,045","71,474,064,482","10,866,420","25,168,951","21,104,627","10,907,103","57,180,681"